﻿<?xml version="1.0" encoding="utf-8"?>
<Invoice xmlns:cac="urn:oasis:names:specification:ubl:schema:xsd:CommonAggregateComponents-2" xmlns:cbc="urn:oasis:names:specification:ubl:schema:xsd:CommonBasicComponents-2" xmlns="urn:oasis:names:specification:ubl:schema:xsd:Invoice-2">
  <cbc:CustomizationID>urn:cen.eu:en16931:2017#compliant#urn:fdc:peppol.eu:2017:poacc:billing:3.0</cbc:CustomizationID>
  <cbc:ProfileID>urn:fdc:peppol.eu:2017:poacc:billing:01:1.0</cbc:ProfileID>
  <cbc:ID>209619690889</cbc:ID>
  <cbc:IssueDate>2019-08-06</cbc:IssueDate>
  <cbc:DueDate>2019-09-05</cbc:DueDate>
  <cbc:InvoiceTypeCode>380</cbc:InvoiceTypeCode>
  <cbc:DocumentCurrencyCode>ISK</cbc:DocumentCurrencyCode>
  <cbc:AccountingCost>1650</cbc:AccountingCost>
  <cbc:BuyerReference>test</cbc:BuyerReference>
  <cac:AccountingSupplierParty>
    <cac:Party>
      <cbc:EndpointID schemeID="0088">9482348239847239874</cbc:EndpointID>
      <cac:PartyIdentification>
        <cbc:ID schemeID="0184">IS510193</cbc:ID>
      </cac:PartyIdentification>
      <cac:PartyName>
        <cbc:Name>Danica sjavarafurdir</cbc:Name>
      </cac:PartyName>
      <cac:PostalAddress>
        <cbc:StreetName>Sudurgata 10</cbc:StreetName>
        <cbc:CityName>Reykjavik</cbc:CityName>
        <cbc:PostalZone>101</cbc:PostalZone>
        <cac:Country>
          <cbc:IdentificationCode>IS</cbc:IdentificationCode>
        </cac:Country>
      </cac:PostalAddress>
      <cac:PartyTaxScheme>
        <cbc:CompanyID>IS510193</cbc:CompanyID>
        <cac:TaxScheme>
          <cbc:ID>VAT</cbc:ID>
        </cac:TaxScheme>
      </cac:PartyTaxScheme>
      <cac:PartyLegalEntity>
        <cbc:RegistrationName>Danica sjavarafurdir</cbc:RegistrationName>
        <cbc:CompanyID schemeID="0184">5101932619</cbc:CompanyID>
      </cac:PartyLegalEntity>
    </cac:Party>
  </cac:AccountingSupplierParty>
  <cac:AccountingCustomerParty>
    <cac:Party>
      <cbc:EndpointID schemeID="0088">5798000024069</cbc:EndpointID>
      <cac:PartyName>
        <cbc:Name>NSG Catering</cbc:Name>
      </cac:PartyName>
      <cac:PostalAddress>
        <cbc:StreetName>Langelinie Alle 17</cbc:StreetName>
        <cbc:CityName>København Ø</cbc:CityName>
        <cbc:PostalZone>2100</cbc:PostalZone>
        <cac:Country>
          <cbc:IdentificationCode>DK</cbc:IdentificationCode>
        </cac:Country>
      </cac:PostalAddress>
      <cac:PartyTaxScheme>
        <cbc:CompanyID>DK20202020</cbc:CompanyID>
        <cac:TaxScheme>
          <cbc:ID>VAT</cbc:ID>
        </cac:TaxScheme>
      </cac:PartyTaxScheme>
      <cac:PartyLegalEntity>
        <cbc:RegistrationName>NSG Catering</cbc:RegistrationName>
        <cbc:CompanyID schemeID="0184">20202020</cbc:CompanyID>
      </cac:PartyLegalEntity>
    </cac:Party>
  </cac:AccountingCustomerParty>
  <cac:PaymentMeans>
    <cbc:PaymentMeansCode name="Credit transfer">1</cbc:PaymentMeansCode>
    <cbc:PaymentID>98130878</cbc:PaymentID>
    <cac:PayeeFinancialAccount>
      <cbc:ID>IS14 0159 2600 7654 5510 7303 39</cbc:ID>
      <cac:FinancialInstitutionBranch>
        <cbc:ID>GLITISRE</cbc:ID>
      </cac:FinancialInstitutionBranch>
    </cac:PayeeFinancialAccount>
  </cac:PaymentMeans>
  <cac:TaxTotal>
    <cbc:TaxAmount currencyID="ISK">0.00</cbc:TaxAmount>
    <cac:TaxSubtotal>
      <cbc:TaxableAmount currencyID="ISK">19996.00</cbc:TaxableAmount>
      <cbc:TaxAmount currencyID="ISK">0.00</cbc:TaxAmount>
      <cac:TaxCategory>
        <cbc:ID schemeID="UN/ECE 5305" schemeAgencyID="6">G</cbc:ID>
        <cbc:Percent>0</cbc:Percent>
        <cbc:TaxExemptionReason>Reverse charge</cbc:TaxExemptionReason>
        <cac:TaxScheme>
          <cbc:ID>VAT</cbc:ID>
        </cac:TaxScheme>
      </cac:TaxCategory>
    </cac:TaxSubtotal>
  </cac:TaxTotal>
  <cac:LegalMonetaryTotal>
    <cbc:LineExtensionAmount currencyID="ISK">19996.00</cbc:LineExtensionAmount>
    <cbc:TaxExclusiveAmount currencyID="ISK">19996.00</cbc:TaxExclusiveAmount>
    <cbc:TaxInclusiveAmount currencyID="ISK">19996.00</cbc:TaxInclusiveAmount>
    <cbc:PayableAmount currencyID="ISK">19996.00</cbc:PayableAmount>
  </cac:LegalMonetaryTotal>
  <cac:InvoiceLine>
    <cbc:ID>1</cbc:ID>
    <cbc:InvoicedQuantity unitCode="H87">4</cbc:InvoicedQuantity>
    <cbc:LineExtensionAmount currencyID="ISK">19996.00</cbc:LineExtensionAmount>
    <cac:Item>
      <cbc:Name>(Icelandic) Cod</cbc:Name>
      <cac:BuyersItemIdentification>
        <cbc:ID>03025110</cbc:ID>
      </cac:BuyersItemIdentification>
      <cac:StandardItemIdentification>
        <cbc:ID schemeID="0160">10073538510621</cbc:ID>
      </cac:StandardItemIdentification>
      <cac:OriginCountry>
        <cbc:IdentificationCode>DK</cbc:IdentificationCode>
      </cac:OriginCountry>
      <cac:CommodityClassification>
        <cbc:ItemClassificationCode listID="TST">50121500</cbc:ItemClassificationCode>
      </cac:CommodityClassification>
      <cac:ClassifiedTaxCategory>
        <cbc:ID>G</cbc:ID>
        <cbc:Percent>0</cbc:Percent>
        <cac:TaxScheme>
          <cbc:ID>VAT</cbc:ID>
        </cac:TaxScheme>
      </cac:ClassifiedTaxCategory>
    </cac:Item>
    <cac:Price>
      <cbc:PriceAmount currencyID="ISK">4999</cbc:PriceAmount>
      <cbc:BaseQuantity>1</cbc:BaseQuantity>
    </cac:Price>
  </cac:InvoiceLine>
</Invoice>