﻿<?xml version="1.0" encoding="UTF-8"?>
<Document xmlns="urn:iso:std:iso:20022:tech:xsd:camt.053.001.08">
  <BkToCstmrStmt>
    <GrpHdr>
      <MsgId>NSG.33</MsgId>
      <CreDtTm>2019-09-28T23:59:00+02:00</CreDtTm>
      <MsgRcpt>
        <Nm>NSG Catering</Nm>
        <Id>
          <OrgId>
            <Othr>
              <Id>20202020</Id>
              <SchmeNm>
                <Cd>BANK</Cd>
              </SchmeNm>
            </Othr>
          </OrgId>
        </Id>
      </MsgRcpt>
      </GrpHdr>
    <Stmt>
      <Id>NSG.33.1</Id>
      <LglSeqNb>43</LglSeqNb>
      <CreDtTm>2019-09-28T23:59:00+02:00</CreDtTm>
      <FrToDt>
        <FrDtTm>2019-09-21T00:00:00+02:00</FrDtTm>
        <ToDtTm>2019-09-28T23:59:59+02:00</ToDtTm>
      </FrToDt>
      <Acct>
        <Id>
          <IBAN>DK7650643711684327</IBAN>
        </Id>
        <Ccy>DKK</Ccy>
        <Nm>Business account</Nm>
        <Ownr>
          <Nm>NSG Catering</Nm>
          <Id>
            <OrgId>
              <Othr>
                <Id>20202020</Id>
              </Othr>
            </OrgId>
          </Id>
        </Ownr>
        <Svcr>
          <FinInstnId>
            <BICFI>NDEADKKK</BICFI>
            <Nm>NORDEA BANK DANMARK A/S</Nm>
          </FinInstnId>
        </Svcr>
      </Acct>
      <Bal>
        <Tp>
          <CdOrPrtry>
            <Cd>OPBD</Cd>
          </CdOrPrtry>
        </Tp>
        <Amt Ccy="DKK">269086.02</Amt>
        <CdtDbtInd>CRDT</CdtDbtInd>
        <Dt>
          <Dt>2019-09-21</Dt>
        </Dt>
      </Bal>
      <Bal>
        <Tp>
          <CdOrPrtry>
            <Cd>CLBD</Cd>
          </CdOrPrtry>
        </Tp>
        <Amt Ccy="DKK">285547.30</Amt>
        <CdtDbtInd>CRDT</CdtDbtInd>
        <Dt>
          <Dt>2019-09-28</Dt>
        </Dt>
      </Bal>
         
  <TxsSummry>
        <TtlCdtNtries>          <Sum>0.00</Sum>
        </TtlCdtNtries>
        <TtlDbtNtries>          <Sum>5338.73</Sum>
        </TtlDbtNtries>
      </TxsSummry><Ntry>
        <NtryRef>00193</NtryRef>
        <Amt Ccy="DKK">41.99</Amt>
        <CdtDbtInd>DBIT</CdtDbtInd>
        <Sts><Prtry>BOOK</Prtry></Sts>
        <BookgDt>
          <Dt>2019-09-21</Dt>
        </BookgDt>
        <ValDt>
          <Dt>2019-09-21</Dt>
        </ValDt> <BkTxCd> <Domn>
            <Cd>PMNT</Cd>
            <Fmly>
              <Cd>RCDT</Cd>
              <SubFmlyCd>ESCT</SubFmlyCd>
            </Fmly>
          </Domn>
          <Prtry>
            <Cd>700TILISIIRTO</Cd>
            <Issr>FFFS</Issr>
          </Prtry>
</BkTxCd>        
        <NtryDtls>
          <TxDtls>
            <AmtDtls><InstdAmt>
			<Amt Ccy="SEK">59,75</Amt>
			<CcyXchg>
				<SrcCcy>DKK</SrcCcy>
				<TrgtCcy>SEK</TrgtCcy>			
				<XchgRate>1,423</XchgRate>
			</CcyXchg>
			</InstdAmt>
              <TxAmt>
                <Amt Ccy="DKK">41.99</Amt>
              </TxAmt>
            </AmtDtls>
            <RltdPties>
              <Cdtr><Pty>
                <Nm>Gryssjöns Potatis AB</Nm>
              </Pty></Cdtr>
            </RltdPties><RmtInf>
               <Strd><RfrdDocInf><Nb>54278273</Nb></RfrdDocInf>
                <CdtrRefInf>
                  <Tp>
                    <CdOrPrtry>
                      <Cd>SCOR</Cd>
                    </CdOrPrtry>
                  </Tp>
                  <Ref>98130902</Ref>
                </CdtrRefInf>
              </Strd>
            </RmtInf>          </TxDtls>
        </NtryDtls>
      </Ntry><Ntry>
        <NtryRef>00194</NtryRef>
        <Amt Ccy="DKK">1798.65</Amt>
        <CdtDbtInd>DBIT</CdtDbtInd>
        <Sts><Prtry>BOOK</Prtry></Sts>
        <BookgDt>
          <Dt>2019-09-22</Dt>
        </BookgDt>
        <ValDt>
          <Dt>2019-09-22</Dt>
        </ValDt> <BkTxCd> <Domn>
            <Cd>PMNT</Cd>
            <Fmly>
              <Cd>RCDT</Cd>
              <SubFmlyCd>ESCT</SubFmlyCd>
            </Fmly>
          </Domn>
          <Prtry>
            <Cd>700TILISIIRTO</Cd>
            <Issr>FFFS</Issr>
          </Prtry>
</BkTxCd>        
        <NtryDtls>
          <TxDtls>
            <AmtDtls><InstdAmt>
			<Amt Ccy="NOK">2394,00</Amt>
			<CcyXchg>
				<SrcCcy>DKK</SrcCcy>
				<TrgtCcy>NOK</TrgtCcy>			
				<XchgRate>1,331</XchgRate>
			</CcyXchg>
			</InstdAmt>
              <TxAmt>
                <Amt Ccy="DKK">1798.65</Amt>
              </TxAmt>
            </AmtDtls>
            <RltdPties>
              <Cdtr><Pty>
                <Nm>Ovid Fish</Nm>
              </Pty></Cdtr>
            </RltdPties><RmtInf>
               <Strd><RfrdDocInf><Nb>184204</Nb></RfrdDocInf>
                <CdtrRefInf>
                  <Tp>
                    <CdOrPrtry>
                      <Cd>SCOR</Cd>
                    </CdOrPrtry>
                  </Tp>
                  <Ref>98130903</Ref>
                </CdtrRefInf>
              </Strd>
            </RmtInf>          </TxDtls>
        </NtryDtls>
      </Ntry><Ntry>
        <NtryRef>00195</NtryRef>
        <Amt Ccy="DKK">83.98</Amt>
        <CdtDbtInd>DBIT</CdtDbtInd>
        <Sts><Prtry>BOOK</Prtry></Sts>
        <BookgDt>
          <Dt>2019-09-23</Dt>
        </BookgDt>
        <ValDt>
          <Dt>2019-09-23</Dt>
        </ValDt> <BkTxCd> <Domn>
            <Cd>PMNT</Cd>
            <Fmly>
              <Cd>RCDT</Cd>
              <SubFmlyCd>ESCT</SubFmlyCd>
            </Fmly>
          </Domn>
          <Prtry>
            <Cd>700TILISIIRTO</Cd>
            <Issr>FFFS</Issr>
          </Prtry>
</BkTxCd>        
        <NtryDtls>
          <TxDtls>
            <AmtDtls><InstdAmt>
			<Amt Ccy="SEK">119,50</Amt>
			<CcyXchg>
				<SrcCcy>DKK</SrcCcy>
				<TrgtCcy>SEK</TrgtCcy>			
				<XchgRate>1,423</XchgRate>
			</CcyXchg>
			</InstdAmt>
              <TxAmt>
                <Amt Ccy="DKK">83.98</Amt>
              </TxAmt>
            </AmtDtls>
            <RltdPties>
              <Cdtr><Pty>
                <Nm>Gryssjöns Potatis AB</Nm>
              </Pty></Cdtr>
            </RltdPties><RmtInf>
               <Strd><RfrdDocInf><Nb>54278423</Nb></RfrdDocInf>
                <CdtrRefInf>
                  <Tp>
                    <CdOrPrtry>
                      <Cd>SCOR</Cd>
                    </CdOrPrtry>
                  </Tp>
                  <Ref>98130904</Ref>
                </CdtrRefInf>
              </Strd>
            </RmtInf>          </TxDtls>
        </NtryDtls>
      </Ntry><Ntry>
        <NtryRef>00196</NtryRef>
        <Amt Ccy="DKK">3330.13</Amt>
        <CdtDbtInd>DBIT</CdtDbtInd>
        <Sts><Prtry>BOOK</Prtry></Sts>
        <BookgDt>
          <Dt>2019-09-24</Dt>
        </BookgDt>
        <ValDt>
          <Dt>2019-09-24</Dt>
        </ValDt> <BkTxCd> <Domn>
            <Cd>PMNT</Cd>
            <Fmly>
              <Cd>RCDT</Cd>
              <SubFmlyCd>ESCT</SubFmlyCd>
            </Fmly>
          </Domn>
          <Prtry>
            <Cd>700TILISIIRTO</Cd>
            <Issr>FFFS</Issr>
          </Prtry>
</BkTxCd>        
        <NtryDtls>
          <TxDtls>
            <AmtDtls>
              <TxAmt>
                <Amt Ccy="DKK">3330.13</Amt>
              </TxAmt>
            </AmtDtls>
            <RltdPties>
              <Cdtr><Pty>
                <Nm>Inco CC København A/S</Nm>
              </Pty></Cdtr>
            </RltdPties><RmtInf>
               <Strd><RfrdDocInf><Nb>2217244</Nb></RfrdDocInf>
                <CdtrRefInf>
                  <Tp>
                    <CdOrPrtry>
                      <Cd>SCOR</Cd>
                    </CdOrPrtry>
                  </Tp>
                  <Ref>98130905</Ref>
                </CdtrRefInf>
              </Strd>
            </RmtInf>          </TxDtls>
        </NtryDtls>
      </Ntry><Ntry>
        <NtryRef>00197</NtryRef>
        <Amt Ccy="DKK">83.98</Amt>
        <CdtDbtInd>DBIT</CdtDbtInd>
        <Sts><Prtry>BOOK</Prtry></Sts>
        <BookgDt>
          <Dt>2019-09-25</Dt>
        </BookgDt>
        <ValDt>
          <Dt>2019-09-25</Dt>
        </ValDt> <BkTxCd> <Domn>
            <Cd>PMNT</Cd>
            <Fmly>
              <Cd>RCDT</Cd>
              <SubFmlyCd>ESCT</SubFmlyCd>
            </Fmly>
          </Domn>
          <Prtry>
            <Cd>700TILISIIRTO</Cd>
            <Issr>FFFS</Issr>
          </Prtry>
</BkTxCd>        
        <NtryDtls>
          <TxDtls>
            <AmtDtls><InstdAmt>
			<Amt Ccy="SEK">119,50</Amt>
			<CcyXchg>
				<SrcCcy>DKK</SrcCcy>
				<TrgtCcy>SEK</TrgtCcy>			
				<XchgRate>1,423</XchgRate>
			</CcyXchg>
			</InstdAmt>
              <TxAmt>
                <Amt Ccy="DKK">83.98</Amt>
              </TxAmt>
            </AmtDtls>
            <RltdPties>
              <Cdtr><Pty>
                <Nm>Gryssjöns Potatis AB</Nm>
              </Pty></Cdtr>
            </RltdPties><RmtInf>
               <Strd><RfrdDocInf><Nb>54278438</Nb></RfrdDocInf>
                <CdtrRefInf>
                  <Tp>
                    <CdOrPrtry>
                      <Cd>SCOR</Cd>
                    </CdOrPrtry>
                  </Tp>
                  <Ref>98130906</Ref>
                </CdtrRefInf>
              </Strd>
            </RmtInf>          </TxDtls>
        </NtryDtls>
      </Ntry><Ntry>
        <NtryRef>00198</NtryRef>
        <Amt Ccy="DKK">21800</Amt>
        <CdtDbtInd>CRDT</CdtDbtInd>
        <Sts><Prtry>BOOK</Prtry></Sts>
        <BookgDt>
          <Dt>2019-09-26</Dt>
        </BookgDt>
        <ValDt>
          <Dt>2019-09-26</Dt>
        </ValDt> <BkTxCd> <Domn>
            <Cd>PMNT</Cd>
            <Fmly>
              <Cd>RCDT</Cd>
              <SubFmlyCd>ESCT</SubFmlyCd>
            </Fmly>
          </Domn>
          <Prtry>
            <Cd>700TILISIIRTO</Cd>
            <Issr>FFFS</Issr>
          </Prtry>
</BkTxCd>        
        <NtryDtls>
          <TxDtls>
            <AmtDtls><InstdAmt>
			<Amt Ccy="EUR">162715,2</Amt>
			<CcyXchg>
				<SrcCcy>EUR</SrcCcy>
				<TrgtCcy>DKK</TrgtCcy>			
				<XchgRate>7,464</XchgRate>
			</CcyXchg>
			</InstdAmt>
              <TxAmt>
                <Amt Ccy="DKK">21800</Amt>
              </TxAmt>
            </AmtDtls>
            <RltdPties>
              <Cdtr><Pty>
                <Nm>NSG Catering</Nm>
              </Pty></Cdtr>
            </RltdPties><RmtInf>
               <Strd><RfrdDocInf><Nb>2460922</Nb></RfrdDocInf>
                <CdtrRefInf>
                  <Tp>
                    <CdOrPrtry>
                      <Cd>SCOR</Cd>
                    </CdOrPrtry>
                  </Tp>
                  <Ref>30777099</Ref>
                </CdtrRefInf>
              </Strd>
            </RmtInf>          </TxDtls>
        </NtryDtls>
      </Ntry>  </Stmt>
  </BkToCstmrStmt>
</Document>