﻿<?xml version="1.0" encoding="utf-8"?>
<Invoice xmlns:cac="urn:oasis:names:specification:ubl:schema:xsd:CommonAggregateComponents-2" xmlns:cbc="urn:oasis:names:specification:ubl:schema:xsd:CommonBasicComponents-2" xmlns="urn:oasis:names:specification:ubl:schema:xsd:Invoice-2">
  <cbc:CustomizationID>urn:cen.eu:en16931:2017#compliant#urn:fdc:peppol.eu:2017:poacc:billing:3.0</cbc:CustomizationID>
  <cbc:ProfileID>urn:fdc:peppol.eu:2017:poacc:billing:01:1.0</cbc:ProfileID>
  <cbc:ID>20195974</cbc:ID>
  <cbc:IssueDate>2019-09-10</cbc:IssueDate>
  <cbc:DueDate>2019-10-10</cbc:DueDate>
  <cbc:InvoiceTypeCode>380</cbc:InvoiceTypeCode>
  <cbc:DocumentCurrencyCode>DKK</cbc:DocumentCurrencyCode>
  <cbc:AccountingCost>1610</cbc:AccountingCost>
  <cbc:BuyerReference>test</cbc:BuyerReference>
  <cac:AccountingSupplierParty>
    <cac:Party>
      <cbc:EndpointID schemeID="0088">9482348239847239874</cbc:EndpointID>
      <cac:PartyIdentification>
        <cbc:ID schemeID="0184">DK20202024</cbc:ID>
      </cac:PartyIdentification>
      <cac:PartyName>
        <cbc:Name>Supplier Organic Food Scandinavia AS</cbc:Name>
      </cac:PartyName>
      <cac:PostalAddress>
        <cbc:StreetName>Testrup Alle 24</cbc:StreetName>
        <cbc:CityName>Kastrup</cbc:CityName>
        <cbc:PostalZone>2770</cbc:PostalZone>
        <cac:Country>
          <cbc:IdentificationCode>DK</cbc:IdentificationCode>
        </cac:Country>
      </cac:PostalAddress>
      <cac:PartyTaxScheme>
        <cbc:CompanyID>DK20202024</cbc:CompanyID>
        <cac:TaxScheme>
          <cbc:ID>VAT</cbc:ID>
        </cac:TaxScheme>
      </cac:PartyTaxScheme>
      <cac:PartyLegalEntity>
        <cbc:RegistrationName>Supplier Organic Food Scandinavia AS</cbc:RegistrationName>
        <cbc:CompanyID schemeID="0184">20202024</cbc:CompanyID>
      </cac:PartyLegalEntity>
    </cac:Party>
  </cac:AccountingSupplierParty>
  <cac:AccountingCustomerParty>
    <cac:Party>
      <cbc:EndpointID schemeID="0088">5798000024069</cbc:EndpointID>
      <cac:PartyName>
        <cbc:Name>NSG Catering</cbc:Name>
      </cac:PartyName>
      <cac:PostalAddress>
        <cbc:StreetName>Langelinie Alle 17</cbc:StreetName>
        <cbc:CityName>København Ø</cbc:CityName>
        <cbc:PostalZone>2100</cbc:PostalZone>
        <cac:Country>
          <cbc:IdentificationCode>DK</cbc:IdentificationCode>
        </cac:Country>
      </cac:PostalAddress>
      <cac:PartyTaxScheme>
        <cbc:CompanyID>DK20202020</cbc:CompanyID>
        <cac:TaxScheme>
          <cbc:ID>VAT</cbc:ID>
        </cac:TaxScheme>
      </cac:PartyTaxScheme>
      <cac:PartyLegalEntity>
        <cbc:RegistrationName>NSG Catering</cbc:RegistrationName>
        <cbc:CompanyID schemeID="0184">20202020</cbc:CompanyID>
      </cac:PartyLegalEntity>
    </cac:Party>
  </cac:AccountingCustomerParty>
  <cac:PaymentMeans>
    <cbc:PaymentMeansCode name="Credit transfer">1</cbc:PaymentMeansCode>
    <cbc:PaymentID>98130901</cbc:PaymentID>
    <cac:PayeeFinancialAccount>
      <cbc:ID>DK6678913748123741</cbc:ID>
      <cac:FinancialInstitutionBranch>
        <cbc:ID>DABADKKK</cbc:ID>
      </cac:FinancialInstitutionBranch>
    </cac:PayeeFinancialAccount>
  </cac:PaymentMeans>
  <cac:TaxTotal>
    <cbc:TaxAmount currencyID="DKK">309.01</cbc:TaxAmount>
    <cac:TaxSubtotal>
      <cbc:TaxableAmount currencyID="DKK">1236.00</cbc:TaxableAmount>
      <cbc:TaxAmount currencyID="DKK">309.01</cbc:TaxAmount>
      <cac:TaxCategory>
        <cbc:ID schemeID="UN/ECE 5305" schemeAgencyID="6">S</cbc:ID>
        <cbc:Percent>25</cbc:Percent>
        <cac:TaxScheme>
          <cbc:ID>VAT</cbc:ID>
        </cac:TaxScheme>
      </cac:TaxCategory>
    </cac:TaxSubtotal>
  </cac:TaxTotal>
  <cac:LegalMonetaryTotal>
    <cbc:LineExtensionAmount currencyID="DKK">1236.00</cbc:LineExtensionAmount>
    <cbc:TaxExclusiveAmount currencyID="DKK">1236.00</cbc:TaxExclusiveAmount>
    <cbc:TaxInclusiveAmount currencyID="DKK">1545.00</cbc:TaxInclusiveAmount>
    <cbc:PayableAmount currencyID="DKK">1545.00</cbc:PayableAmount>
  </cac:LegalMonetaryTotal>
  <cac:InvoiceLine>
    <cbc:ID>1</cbc:ID>
    <cbc:InvoicedQuantity unitCode="H87">1</cbc:InvoicedQuantity>
    <cbc:LineExtensionAmount currencyID="DKK">14.00</cbc:LineExtensionAmount>
    <cac:Item>
      <cbc:Name>Butter (organic)</cbc:Name>
      <cac:BuyersItemIdentification>
        <cbc:ID>040510</cbc:ID>
      </cac:BuyersItemIdentification>
      <cac:StandardItemIdentification>
        <cbc:ID schemeID="0160">7090006470047</cbc:ID>
      </cac:StandardItemIdentification>
      <cac:OriginCountry>
        <cbc:IdentificationCode>IS</cbc:IdentificationCode>
      </cac:OriginCountry>
      <cac:CommodityClassification>
        <cbc:ItemClassificationCode listID="TST">50131701</cbc:ItemClassificationCode>
      </cac:CommodityClassification>
      <cac:ClassifiedTaxCategory>
        <cbc:ID>S</cbc:ID>
        <cbc:Percent>25</cbc:Percent>
        <cac:TaxScheme>
          <cbc:ID>VAT</cbc:ID>
        </cac:TaxScheme>
      </cac:ClassifiedTaxCategory>
    </cac:Item>
    <cac:Price>
      <cbc:PriceAmount currencyID="DKK">14</cbc:PriceAmount>
      <cbc:BaseQuantity>1</cbc:BaseQuantity>
    </cac:Price>
  </cac:InvoiceLine>
  <cac:InvoiceLine>
    <cbc:ID>2</cbc:ID>
    <cbc:InvoicedQuantity unitCode="LTR">10</cbc:InvoicedQuantity>
    <cbc:LineExtensionAmount currencyID="DKK">77.50</cbc:LineExtensionAmount>
    <cac:Item>
      <cbc:Name>Milk (organic)</cbc:Name>
      <cac:BuyersItemIdentification>
        <cbc:ID>040120</cbc:ID>
      </cac:BuyersItemIdentification>
      <cac:StandardItemIdentification>
        <cbc:ID schemeID="0160">7038010000560</cbc:ID>
      </cac:StandardItemIdentification>
      <cac:OriginCountry>
        <cbc:IdentificationCode>RU</cbc:IdentificationCode>
      </cac:OriginCountry>
      <cac:CommodityClassification>
        <cbc:ItemClassificationCode listID="TST">50131701</cbc:ItemClassificationCode>
      </cac:CommodityClassification>
      <cac:ClassifiedTaxCategory>
        <cbc:ID>S</cbc:ID>
        <cbc:Percent>25</cbc:Percent>
        <cac:TaxScheme>
          <cbc:ID>VAT</cbc:ID>
        </cac:TaxScheme>
      </cac:ClassifiedTaxCategory>
    </cac:Item>
    <cac:Price>
      <cbc:PriceAmount currencyID="DKK">7.75</cbc:PriceAmount>
      <cbc:BaseQuantity>1</cbc:BaseQuantity>
    </cac:Price>
  </cac:InvoiceLine>
  <cac:InvoiceLine>
    <cbc:ID>3</cbc:ID>
    <cbc:InvoicedQuantity unitCode="H87">100</cbc:InvoicedQuantity>
    <cbc:LineExtensionAmount currencyID="DKK">230.00</cbc:LineExtensionAmount>
    <cac:Item>
      <cbc:Name>Egg (organic)</cbc:Name>
      <cac:BuyersItemIdentification>
        <cbc:ID>04072100</cbc:ID>
      </cac:BuyersItemIdentification>
      <cac:StandardItemIdentification>
        <cbc:ID schemeID="0160">7310068480359</cbc:ID>
      </cac:StandardItemIdentification>
      <cac:OriginCountry>
        <cbc:IdentificationCode>RU</cbc:IdentificationCode>
      </cac:OriginCountry>
      <cac:CommodityClassification>
        <cbc:ItemClassificationCode listID="TST">50131623</cbc:ItemClassificationCode>
      </cac:CommodityClassification>
      <cac:ClassifiedTaxCategory>
        <cbc:ID>S</cbc:ID>
        <cbc:Percent>25</cbc:Percent>
        <cac:TaxScheme>
          <cbc:ID>VAT</cbc:ID>
        </cac:TaxScheme>
      </cac:ClassifiedTaxCategory>
    </cac:Item>
    <cac:Price>
      <cbc:PriceAmount currencyID="DKK">2.3</cbc:PriceAmount>
      <cbc:BaseQuantity>1</cbc:BaseQuantity>
    </cac:Price>
  </cac:InvoiceLine>
  <cac:InvoiceLine>
    <cbc:ID>4</cbc:ID>
    <cbc:InvoicedQuantity unitCode="H87">40</cbc:InvoicedQuantity>
    <cbc:LineExtensionAmount currencyID="DKK">160.00</cbc:LineExtensionAmount>
    <cac:Item>
      <cbc:Name>Cucumber</cbc:Name>
      <cac:BuyersItemIdentification>
        <cbc:ID>07070005</cbc:ID>
      </cac:BuyersItemIdentification>
      <cac:StandardItemIdentification>
        <cbc:ID schemeID="0160">7072631000219</cbc:ID>
      </cac:StandardItemIdentification>
      <cac:OriginCountry>
        <cbc:IdentificationCode>RU</cbc:IdentificationCode>
      </cac:OriginCountry>
      <cac:CommodityClassification>
        <cbc:ItemClassificationCode listID="TST">50413315</cbc:ItemClassificationCode>
      </cac:CommodityClassification>
      <cac:ClassifiedTaxCategory>
        <cbc:ID>S</cbc:ID>
        <cbc:Percent>25</cbc:Percent>
        <cac:TaxScheme>
          <cbc:ID>VAT</cbc:ID>
        </cac:TaxScheme>
      </cac:ClassifiedTaxCategory>
    </cac:Item>
    <cac:Price>
      <cbc:PriceAmount currencyID="DKK">4</cbc:PriceAmount>
      <cbc:BaseQuantity>1</cbc:BaseQuantity>
    </cac:Price>
  </cac:InvoiceLine>
  <cac:InvoiceLine>
    <cbc:ID>5</cbc:ID>
    <cbc:InvoicedQuantity unitCode="H87">20</cbc:InvoicedQuantity>
    <cbc:LineExtensionAmount currencyID="DKK">160.00</cbc:LineExtensionAmount>
    <cac:Item>
      <cbc:Name>Bell pepper</cbc:Name>
      <cac:BuyersItemIdentification>
        <cbc:ID>070960</cbc:ID>
      </cac:BuyersItemIdentification>
      <cac:StandardItemIdentification>
        <cbc:ID schemeID="0160">7040513901022</cbc:ID>
      </cac:StandardItemIdentification>
      <cac:OriginCountry>
        <cbc:IdentificationCode>RU</cbc:IdentificationCode>
      </cac:OriginCountry>
      <cac:CommodityClassification>
        <cbc:ItemClassificationCode listID="TST">50405615</cbc:ItemClassificationCode>
      </cac:CommodityClassification>
      <cac:ClassifiedTaxCategory>
        <cbc:ID>S</cbc:ID>
        <cbc:Percent>25</cbc:Percent>
        <cac:TaxScheme>
          <cbc:ID>VAT</cbc:ID>
        </cac:TaxScheme>
      </cac:ClassifiedTaxCategory>
    </cac:Item>
    <cac:Price>
      <cbc:PriceAmount currencyID="DKK">8</cbc:PriceAmount>
      <cbc:BaseQuantity>1</cbc:BaseQuantity>
    </cac:Price>
  </cac:InvoiceLine>
  <cac:InvoiceLine>
    <cbc:ID>6</cbc:ID>
    <cbc:InvoicedQuantity unitCode="H87">10</cbc:InvoicedQuantity>
    <cbc:LineExtensionAmount currencyID="DKK">55.00</cbc:LineExtensionAmount>
    <cac:Item>
      <cbc:Name>Salat</cbc:Name>
      <cac:BuyersItemIdentification>
        <cbc:ID>07051100</cbc:ID>
      </cac:BuyersItemIdentification>
      <cac:StandardItemIdentification>
        <cbc:ID schemeID="0160">7072368011465</cbc:ID>
      </cac:StandardItemIdentification>
      <cac:OriginCountry>
        <cbc:IdentificationCode>RU</cbc:IdentificationCode>
      </cac:OriginCountry>
      <cac:CommodityClassification>
        <cbc:ItemClassificationCode listID="TST">50404615</cbc:ItemClassificationCode>
      </cac:CommodityClassification>
      <cac:ClassifiedTaxCategory>
        <cbc:ID>S</cbc:ID>
        <cbc:Percent>25</cbc:Percent>
        <cac:TaxScheme>
          <cbc:ID>VAT</cbc:ID>
        </cac:TaxScheme>
      </cac:ClassifiedTaxCategory>
    </cac:Item>
    <cac:Price>
      <cbc:PriceAmount currencyID="DKK">5.5</cbc:PriceAmount>
      <cbc:BaseQuantity>1</cbc:BaseQuantity>
    </cac:Price>
  </cac:InvoiceLine>
  <cac:InvoiceLine>
    <cbc:ID>7</cbc:ID>
    <cbc:InvoicedQuantity unitCode="H87">20</cbc:InvoicedQuantity>
    <cbc:LineExtensionAmount currencyID="DKK">60.00</cbc:LineExtensionAmount>
    <cac:Item>
      <cbc:Name>Beetroot</cbc:Name>
      <cac:BuyersItemIdentification>
        <cbc:ID>0706</cbc:ID>
      </cac:BuyersItemIdentification>
      <cac:StandardItemIdentification>
        <cbc:ID schemeID="0160">7301002409192</cbc:ID>
      </cac:StandardItemIdentification>
      <cac:OriginCountry>
        <cbc:IdentificationCode>RU</cbc:IdentificationCode>
      </cac:OriginCountry>
      <cac:CommodityClassification>
        <cbc:ItemClassificationCode listID="TST">50411916</cbc:ItemClassificationCode>
      </cac:CommodityClassification>
      <cac:ClassifiedTaxCategory>
        <cbc:ID>S</cbc:ID>
        <cbc:Percent>25</cbc:Percent>
        <cac:TaxScheme>
          <cbc:ID>VAT</cbc:ID>
        </cac:TaxScheme>
      </cac:ClassifiedTaxCategory>
    </cac:Item>
    <cac:Price>
      <cbc:PriceAmount currencyID="DKK">3</cbc:PriceAmount>
      <cbc:BaseQuantity>1</cbc:BaseQuantity>
    </cac:Price>
  </cac:InvoiceLine>
  <cac:InvoiceLine>
    <cbc:ID>8</cbc:ID>
    <cbc:InvoicedQuantity unitCode="H87">6</cbc:InvoicedQuantity>
    <cbc:LineExtensionAmount currencyID="DKK">132.00</cbc:LineExtensionAmount>
    <cac:Item>
      <cbc:Name>(Organic) flour from Øland</cbc:Name>
      <cac:BuyersItemIdentification>
        <cbc:ID>11010015</cbc:ID>
      </cac:BuyersItemIdentification>
      <cac:StandardItemIdentification>
        <cbc:ID schemeID="0160">5704434005833</cbc:ID>
      </cac:StandardItemIdentification>
      <cac:OriginCountry>
        <cbc:IdentificationCode>RU</cbc:IdentificationCode>
      </cac:OriginCountry>
      <cac:CommodityClassification>
        <cbc:ItemClassificationCode listID="TST">50221300</cbc:ItemClassificationCode>
      </cac:CommodityClassification>
      <cac:ClassifiedTaxCategory>
        <cbc:ID>S</cbc:ID>
        <cbc:Percent>25</cbc:Percent>
        <cac:TaxScheme>
          <cbc:ID>VAT</cbc:ID>
        </cac:TaxScheme>
      </cac:ClassifiedTaxCategory>
    </cac:Item>
    <cac:Price>
      <cbc:PriceAmount currencyID="DKK">22</cbc:PriceAmount>
      <cbc:BaseQuantity>1</cbc:BaseQuantity>
    </cac:Price>
  </cac:InvoiceLine>
  <cac:InvoiceLine>
    <cbc:ID>9</cbc:ID>
    <cbc:InvoicedQuantity unitCode="H87">10</cbc:InvoicedQuantity>
    <cbc:LineExtensionAmount currencyID="DKK">347.50</cbc:LineExtensionAmount>
    <cac:Item>
      <cbc:Name>Norwegian Goat Cheese (organic)</cbc:Name>
      <cac:BuyersItemIdentification>
        <cbc:ID>04063031</cbc:ID>
      </cac:BuyersItemIdentification>
      <cac:StandardItemIdentification>
        <cbc:ID schemeID="0160">2302235500002</cbc:ID>
      </cac:StandardItemIdentification>
      <cac:OriginCountry>
        <cbc:IdentificationCode>RU</cbc:IdentificationCode>
      </cac:OriginCountry>
      <cac:CommodityClassification>
        <cbc:ItemClassificationCode listID="TST">50131802</cbc:ItemClassificationCode>
      </cac:CommodityClassification>
      <cac:ClassifiedTaxCategory>
        <cbc:ID>S</cbc:ID>
        <cbc:Percent>25</cbc:Percent>
        <cac:TaxScheme>
          <cbc:ID>VAT</cbc:ID>
        </cac:TaxScheme>
      </cac:ClassifiedTaxCategory>
    </cac:Item>
    <cac:Price>
      <cbc:PriceAmount currencyID="DKK">34.75</cbc:PriceAmount>
      <cbc:BaseQuantity>1</cbc:BaseQuantity>
    </cac:Price>
  </cac:InvoiceLine>
</Invoice>