﻿<?xml version="1.0" encoding="utf-8"?>
<Invoice xmlns:cac="urn:oasis:names:specification:ubl:schema:xsd:CommonAggregateComponents-2" xmlns:cbc="urn:oasis:names:specification:ubl:schema:xsd:CommonBasicComponents-2" xmlns="urn:oasis:names:specification:ubl:schema:xsd:Invoice-2">
  <cbc:CustomizationID>urn:cen.eu:en16931:2017#compliant#urn:fdc:peppol.eu:2017:poacc:billing:3.0</cbc:CustomizationID>
  <cbc:ProfileID>urn:fdc:peppol.eu:2017:poacc:billing:01:1.0</cbc:ProfileID>
  <cbc:ID>2236086</cbc:ID>
  <cbc:IssueDate>2019-11-12</cbc:IssueDate>
  <cbc:DueDate>2019-12-12</cbc:DueDate>
  <cbc:InvoiceTypeCode>380</cbc:InvoiceTypeCode>
  <cbc:DocumentCurrencyCode>DKK</cbc:DocumentCurrencyCode>
  <cbc:AccountingCost>1610</cbc:AccountingCost>
  <cbc:BuyerReference>test</cbc:BuyerReference>
  <cac:AccountingSupplierParty>
    <cac:Party>
      <cbc:EndpointID schemeID="0088">9482348239847239874</cbc:EndpointID>
      <cac:PartyIdentification>
        <cbc:ID schemeID="0184">DK32322654</cbc:ID>
      </cac:PartyIdentification>
      <cac:PartyName>
        <cbc:Name>Inco CC København A/S</cbc:Name>
      </cac:PartyName>
      <cac:PostalAddress>
        <cbc:StreetName>Flæsketorvet 84</cbc:StreetName>
        <cbc:CityName>København V</cbc:CityName>
        <cbc:PostalZone>1771</cbc:PostalZone>
        <cac:Country>
          <cbc:IdentificationCode>DK</cbc:IdentificationCode>
        </cac:Country>
      </cac:PostalAddress>
      <cac:PartyTaxScheme>
        <cbc:CompanyID>DK32322654</cbc:CompanyID>
        <cac:TaxScheme>
          <cbc:ID>VAT</cbc:ID>
        </cac:TaxScheme>
      </cac:PartyTaxScheme>
      <cac:PartyLegalEntity>
        <cbc:RegistrationName>Inco CC København A/S</cbc:RegistrationName>
        <cbc:CompanyID schemeID="0184">32322654</cbc:CompanyID>
      </cac:PartyLegalEntity>
    </cac:Party>
  </cac:AccountingSupplierParty>
  <cac:AccountingCustomerParty>
    <cac:Party>
      <cbc:EndpointID schemeID="0088">5798000024069</cbc:EndpointID>
      <cac:PartyName>
        <cbc:Name>NSG Catering</cbc:Name>
      </cac:PartyName>
      <cac:PostalAddress>
        <cbc:StreetName>Langelinie Alle 17</cbc:StreetName>
        <cbc:CityName>København Ø</cbc:CityName>
        <cbc:PostalZone>2100</cbc:PostalZone>
        <cac:Country>
          <cbc:IdentificationCode>DK</cbc:IdentificationCode>
        </cac:Country>
      </cac:PostalAddress>
      <cac:PartyTaxScheme>
        <cbc:CompanyID>DK20202020</cbc:CompanyID>
        <cac:TaxScheme>
          <cbc:ID>VAT</cbc:ID>
        </cac:TaxScheme>
      </cac:PartyTaxScheme>
      <cac:PartyLegalEntity>
        <cbc:RegistrationName>NSG Catering</cbc:RegistrationName>
        <cbc:CompanyID schemeID="0184">20202020</cbc:CompanyID>
      </cac:PartyLegalEntity>
    </cac:Party>
  </cac:AccountingCustomerParty>
  <cac:PaymentMeans>
    <cbc:PaymentMeansCode name="Credit transfer">1</cbc:PaymentMeansCode>
    <cbc:PaymentID>98130944</cbc:PaymentID>
    <cac:PayeeFinancialAccount>
      <cbc:ID>DK9232473201980462</cbc:ID>
      <cac:FinancialInstitutionBranch>
        <cbc:ID>DABADKKK</cbc:ID>
      </cac:FinancialInstitutionBranch>
    </cac:PayeeFinancialAccount>
  </cac:PaymentMeans>
  <cac:TaxTotal>
    <cbc:TaxAmount currencyID="DKK">2489.85</cbc:TaxAmount>
    <cac:TaxSubtotal>
      <cbc:TaxableAmount currencyID="DKK">9959.40</cbc:TaxableAmount>
      <cbc:TaxAmount currencyID="DKK">2489.85</cbc:TaxAmount>
      <cac:TaxCategory>
        <cbc:ID schemeID="UN/ECE 5305" schemeAgencyID="6">S</cbc:ID>
        <cbc:Percent>25</cbc:Percent>
        <cac:TaxScheme>
          <cbc:ID>VAT</cbc:ID>
        </cac:TaxScheme>
      </cac:TaxCategory>
    </cac:TaxSubtotal>
  </cac:TaxTotal>
  <cac:LegalMonetaryTotal>
    <cbc:LineExtensionAmount currencyID="DKK">9959.40</cbc:LineExtensionAmount>
    <cbc:TaxExclusiveAmount currencyID="DKK">9959.40</cbc:TaxExclusiveAmount>
    <cbc:TaxInclusiveAmount currencyID="DKK">12449.25</cbc:TaxInclusiveAmount>
    <cbc:PayableAmount currencyID="DKK">12449.25</cbc:PayableAmount>
  </cac:LegalMonetaryTotal>
  <cac:InvoiceLine>
    <cbc:ID>1</cbc:ID>
    <cbc:InvoicedQuantity unitCode="H87">15</cbc:InvoicedQuantity>
    <cbc:LineExtensionAmount currencyID="DKK">3435.00</cbc:LineExtensionAmount>
    <cac:Item>
      <cbc:Name>(Danish) pork tenderloin (conventional)</cbc:Name>
      <cac:BuyersItemIdentification>
        <cbc:ID>02031913</cbc:ID>
      </cac:BuyersItemIdentification>
      <cac:StandardItemIdentification>
        <cbc:ID schemeID="0160">5701050043300</cbc:ID>
      </cac:StandardItemIdentification>
      <cac:OriginCountry>
        <cbc:IdentificationCode>SE</cbc:IdentificationCode>
      </cac:OriginCountry>
      <cac:CommodityClassification>
        <cbc:ItemClassificationCode listID="TST">50111514</cbc:ItemClassificationCode>
      </cac:CommodityClassification>
      <cac:ClassifiedTaxCategory>
        <cbc:ID>S</cbc:ID>
        <cbc:Percent>25</cbc:Percent>
        <cac:TaxScheme>
          <cbc:ID>VAT</cbc:ID>
        </cac:TaxScheme>
      </cac:ClassifiedTaxCategory>
    </cac:Item>
    <cac:Price>
      <cbc:PriceAmount currencyID="DKK">229</cbc:PriceAmount>
      <cbc:BaseQuantity>1</cbc:BaseQuantity>
    </cac:Price>
  </cac:InvoiceLine>
  <cac:InvoiceLine>
    <cbc:ID>2</cbc:ID>
    <cbc:InvoicedQuantity unitCode="H87">21</cbc:InvoicedQuantity>
    <cbc:LineExtensionAmount currencyID="DKK">2814.00</cbc:LineExtensionAmount>
    <cac:Item>
      <cbc:Name>(Danish) pork bacon (conventional)</cbc:Name>
      <cac:BuyersItemIdentification>
        <cbc:ID>02101910</cbc:ID>
      </cac:BuyersItemIdentification>
      <cac:StandardItemIdentification>
        <cbc:ID schemeID="0160">5701050048077</cbc:ID>
      </cac:StandardItemIdentification>
      <cac:OriginCountry>
        <cbc:IdentificationCode>DK</cbc:IdentificationCode>
      </cac:OriginCountry>
      <cac:CommodityClassification>
        <cbc:ItemClassificationCode listID="TST">50111514</cbc:ItemClassificationCode>
      </cac:CommodityClassification>
      <cac:ClassifiedTaxCategory>
        <cbc:ID>S</cbc:ID>
        <cbc:Percent>25</cbc:Percent>
        <cac:TaxScheme>
          <cbc:ID>VAT</cbc:ID>
        </cac:TaxScheme>
      </cac:ClassifiedTaxCategory>
    </cac:Item>
    <cac:Price>
      <cbc:PriceAmount currencyID="DKK">134</cbc:PriceAmount>
      <cbc:BaseQuantity>1</cbc:BaseQuantity>
    </cac:Price>
  </cac:InvoiceLine>
  <cac:InvoiceLine>
    <cbc:ID>3</cbc:ID>
    <cbc:InvoicedQuantity unitCode="H87">24</cbc:InvoicedQuantity>
    <cbc:LineExtensionAmount currencyID="DKK">528.00</cbc:LineExtensionAmount>
    <cac:Item>
      <cbc:Name>Carrots (organic)</cbc:Name>
      <cac:BuyersItemIdentification>
        <cbc:ID>07061000</cbc:ID>
      </cac:BuyersItemIdentification>
      <cac:StandardItemIdentification>
        <cbc:ID schemeID="0160">7301002410570</cbc:ID>
      </cac:StandardItemIdentification>
      <cac:OriginCountry>
        <cbc:IdentificationCode>DK</cbc:IdentificationCode>
      </cac:OriginCountry>
      <cac:CommodityClassification>
        <cbc:ItemClassificationCode listID="TST">50412501</cbc:ItemClassificationCode>
      </cac:CommodityClassification>
      <cac:ClassifiedTaxCategory>
        <cbc:ID>S</cbc:ID>
        <cbc:Percent>25</cbc:Percent>
        <cac:TaxScheme>
          <cbc:ID>VAT</cbc:ID>
        </cac:TaxScheme>
      </cac:ClassifiedTaxCategory>
    </cac:Item>
    <cac:Price>
      <cbc:PriceAmount currencyID="DKK">22</cbc:PriceAmount>
      <cbc:BaseQuantity>1</cbc:BaseQuantity>
    </cac:Price>
  </cac:InvoiceLine>
  <cac:InvoiceLine>
    <cbc:ID>4</cbc:ID>
    <cbc:InvoicedQuantity unitCode="H87">266</cbc:InvoicedQuantity>
    <cbc:LineExtensionAmount currencyID="DKK">798.00</cbc:LineExtensionAmount>
    <cac:Item>
      <cbc:Name>Cucumber</cbc:Name>
      <cac:BuyersItemIdentification>
        <cbc:ID>07070005</cbc:ID>
      </cac:BuyersItemIdentification>
      <cac:StandardItemIdentification>
        <cbc:ID schemeID="0160">7072631000219</cbc:ID>
      </cac:StandardItemIdentification>
      <cac:OriginCountry>
        <cbc:IdentificationCode>DK</cbc:IdentificationCode>
      </cac:OriginCountry>
      <cac:CommodityClassification>
        <cbc:ItemClassificationCode listID="TST">50413315</cbc:ItemClassificationCode>
      </cac:CommodityClassification>
      <cac:ClassifiedTaxCategory>
        <cbc:ID>S</cbc:ID>
        <cbc:Percent>25</cbc:Percent>
        <cac:TaxScheme>
          <cbc:ID>VAT</cbc:ID>
        </cac:TaxScheme>
      </cac:ClassifiedTaxCategory>
    </cac:Item>
    <cac:Price>
      <cbc:PriceAmount currencyID="DKK">3</cbc:PriceAmount>
      <cbc:BaseQuantity>1</cbc:BaseQuantity>
    </cac:Price>
  </cac:InvoiceLine>
  <cac:InvoiceLine>
    <cbc:ID>5</cbc:ID>
    <cbc:InvoicedQuantity unitCode="H87">48</cbc:InvoicedQuantity>
    <cbc:LineExtensionAmount currencyID="DKK">96.00</cbc:LineExtensionAmount>
    <cac:Item>
      <cbc:Name>Cabbage</cbc:Name>
      <cac:BuyersItemIdentification>
        <cbc:ID>0704</cbc:ID>
      </cac:BuyersItemIdentification>
      <cac:StandardItemIdentification>
        <cbc:ID schemeID="0160">7072368003668</cbc:ID>
      </cac:StandardItemIdentification>
      <cac:OriginCountry>
        <cbc:IdentificationCode>DK</cbc:IdentificationCode>
      </cac:OriginCountry>
      <cac:CommodityClassification>
        <cbc:ItemClassificationCode listID="TST">50412300</cbc:ItemClassificationCode>
      </cac:CommodityClassification>
      <cac:ClassifiedTaxCategory>
        <cbc:ID>S</cbc:ID>
        <cbc:Percent>25</cbc:Percent>
        <cac:TaxScheme>
          <cbc:ID>VAT</cbc:ID>
        </cac:TaxScheme>
      </cac:ClassifiedTaxCategory>
    </cac:Item>
    <cac:Price>
      <cbc:PriceAmount currencyID="DKK">2</cbc:PriceAmount>
      <cbc:BaseQuantity>1</cbc:BaseQuantity>
    </cac:Price>
  </cac:InvoiceLine>
  <cac:InvoiceLine>
    <cbc:ID>6</cbc:ID>
    <cbc:InvoicedQuantity unitCode="H87">155</cbc:InvoicedQuantity>
    <cbc:LineExtensionAmount currencyID="DKK">930.00</cbc:LineExtensionAmount>
    <cac:Item>
      <cbc:Name>Bell pepper</cbc:Name>
      <cac:BuyersItemIdentification>
        <cbc:ID>070960</cbc:ID>
      </cac:BuyersItemIdentification>
      <cac:StandardItemIdentification>
        <cbc:ID schemeID="0160">7040513901022</cbc:ID>
      </cac:StandardItemIdentification>
      <cac:OriginCountry>
        <cbc:IdentificationCode>DK</cbc:IdentificationCode>
      </cac:OriginCountry>
      <cac:CommodityClassification>
        <cbc:ItemClassificationCode listID="TST">50405615</cbc:ItemClassificationCode>
      </cac:CommodityClassification>
      <cac:ClassifiedTaxCategory>
        <cbc:ID>S</cbc:ID>
        <cbc:Percent>25</cbc:Percent>
        <cac:TaxScheme>
          <cbc:ID>VAT</cbc:ID>
        </cac:TaxScheme>
      </cac:ClassifiedTaxCategory>
    </cac:Item>
    <cac:Price>
      <cbc:PriceAmount currencyID="DKK">6</cbc:PriceAmount>
      <cbc:BaseQuantity>1</cbc:BaseQuantity>
    </cac:Price>
  </cac:InvoiceLine>
  <cac:InvoiceLine>
    <cbc:ID>7</cbc:ID>
    <cbc:InvoicedQuantity unitCode="H87">40</cbc:InvoicedQuantity>
    <cbc:LineExtensionAmount currencyID="DKK">504.00</cbc:LineExtensionAmount>
    <cac:Item>
      <cbc:Name>Spring onions and Scallions</cbc:Name>
      <cac:BuyersItemIdentification>
        <cbc:ID>07031019</cbc:ID>
      </cac:BuyersItemIdentification>
      <cac:StandardItemIdentification>
        <cbc:ID schemeID="0160">7072368005860</cbc:ID>
      </cac:StandardItemIdentification>
      <cac:OriginCountry>
        <cbc:IdentificationCode>DK</cbc:IdentificationCode>
      </cac:OriginCountry>
      <cac:CommodityClassification>
        <cbc:ItemClassificationCode listID="TST">50405323</cbc:ItemClassificationCode>
      </cac:CommodityClassification>
      <cac:ClassifiedTaxCategory>
        <cbc:ID>S</cbc:ID>
        <cbc:Percent>25</cbc:Percent>
        <cac:TaxScheme>
          <cbc:ID>VAT</cbc:ID>
        </cac:TaxScheme>
      </cac:ClassifiedTaxCategory>
    </cac:Item>
    <cac:Price>
      <cbc:PriceAmount currencyID="DKK">12.6</cbc:PriceAmount>
      <cbc:BaseQuantity>1</cbc:BaseQuantity>
    </cac:Price>
  </cac:InvoiceLine>
  <cac:InvoiceLine>
    <cbc:ID>8</cbc:ID>
    <cbc:InvoicedQuantity unitCode="H87">15</cbc:InvoicedQuantity>
    <cbc:LineExtensionAmount currencyID="DKK">180.00</cbc:LineExtensionAmount>
    <cac:Item>
      <cbc:Name>Butter</cbc:Name>
      <cac:BuyersItemIdentification>
        <cbc:ID>040510</cbc:ID>
      </cac:BuyersItemIdentification>
      <cac:StandardItemIdentification>
        <cbc:ID schemeID="0160">7090006470047</cbc:ID>
      </cac:StandardItemIdentification>
      <cac:OriginCountry>
        <cbc:IdentificationCode>DK</cbc:IdentificationCode>
      </cac:OriginCountry>
      <cac:CommodityClassification>
        <cbc:ItemClassificationCode listID="TST">50131701</cbc:ItemClassificationCode>
      </cac:CommodityClassification>
      <cac:ClassifiedTaxCategory>
        <cbc:ID>S</cbc:ID>
        <cbc:Percent>25</cbc:Percent>
        <cac:TaxScheme>
          <cbc:ID>VAT</cbc:ID>
        </cac:TaxScheme>
      </cac:ClassifiedTaxCategory>
    </cac:Item>
    <cac:Price>
      <cbc:PriceAmount currencyID="DKK">12</cbc:PriceAmount>
      <cbc:BaseQuantity>1</cbc:BaseQuantity>
    </cac:Price>
  </cac:InvoiceLine>
  <cac:InvoiceLine>
    <cbc:ID>9</cbc:ID>
    <cbc:InvoicedQuantity unitCode="LTR">75</cbc:InvoicedQuantity>
    <cbc:LineExtensionAmount currencyID="DKK">450.00</cbc:LineExtensionAmount>
    <cac:Item>
      <cbc:Name>Milk (organic)</cbc:Name>
      <cac:BuyersItemIdentification>
        <cbc:ID>040120</cbc:ID>
      </cac:BuyersItemIdentification>
      <cac:StandardItemIdentification>
        <cbc:ID schemeID="0160">7038010000560</cbc:ID>
      </cac:StandardItemIdentification>
      <cac:OriginCountry>
        <cbc:IdentificationCode>DK</cbc:IdentificationCode>
      </cac:OriginCountry>
      <cac:CommodityClassification>
        <cbc:ItemClassificationCode listID="TST">50131701</cbc:ItemClassificationCode>
      </cac:CommodityClassification>
      <cac:ClassifiedTaxCategory>
        <cbc:ID>S</cbc:ID>
        <cbc:Percent>25</cbc:Percent>
        <cac:TaxScheme>
          <cbc:ID>VAT</cbc:ID>
        </cac:TaxScheme>
      </cac:ClassifiedTaxCategory>
    </cac:Item>
    <cac:Price>
      <cbc:PriceAmount currencyID="DKK">6</cbc:PriceAmount>
      <cbc:BaseQuantity>1</cbc:BaseQuantity>
    </cac:Price>
  </cac:InvoiceLine>
  <cac:InvoiceLine>
    <cbc:ID>10</cbc:ID>
    <cbc:InvoicedQuantity unitCode="H87">16</cbc:InvoicedQuantity>
    <cbc:LineExtensionAmount currencyID="DKK">144.00</cbc:LineExtensionAmount>
    <cac:Item>
      <cbc:Name>Flour</cbc:Name>
      <cac:BuyersItemIdentification>
        <cbc:ID>11010015</cbc:ID>
      </cac:BuyersItemIdentification>
      <cac:StandardItemIdentification>
        <cbc:ID schemeID="0160">7020650110808</cbc:ID>
      </cac:StandardItemIdentification>
      <cac:OriginCountry>
        <cbc:IdentificationCode>DK</cbc:IdentificationCode>
      </cac:OriginCountry>
      <cac:CommodityClassification>
        <cbc:ItemClassificationCode listID="TST">50221300</cbc:ItemClassificationCode>
      </cac:CommodityClassification>
      <cac:ClassifiedTaxCategory>
        <cbc:ID>S</cbc:ID>
        <cbc:Percent>25</cbc:Percent>
        <cac:TaxScheme>
          <cbc:ID>VAT</cbc:ID>
        </cac:TaxScheme>
      </cac:ClassifiedTaxCategory>
    </cac:Item>
    <cac:Price>
      <cbc:PriceAmount currencyID="DKK">9</cbc:PriceAmount>
      <cbc:BaseQuantity>1</cbc:BaseQuantity>
    </cac:Price>
  </cac:InvoiceLine>
  <cac:InvoiceLine>
    <cbc:ID>11</cbc:ID>
    <cbc:InvoicedQuantity unitCode="H87">8</cbc:InvoicedQuantity>
    <cbc:LineExtensionAmount currencyID="DKK">18.00</cbc:LineExtensionAmount>
    <cac:Item>
      <cbc:Name>Salt</cbc:Name>
      <cac:BuyersItemIdentification>
        <cbc:ID>2501 00 91</cbc:ID>
      </cac:BuyersItemIdentification>
      <cac:StandardItemIdentification>
        <cbc:ID schemeID="0160">5701027004259</cbc:ID>
      </cac:StandardItemIdentification>
      <cac:OriginCountry>
        <cbc:IdentificationCode>DK</cbc:IdentificationCode>
      </cac:OriginCountry>
      <cac:CommodityClassification>
        <cbc:ItemClassificationCode listID="TST">50171551</cbc:ItemClassificationCode>
      </cac:CommodityClassification>
      <cac:ClassifiedTaxCategory>
        <cbc:ID>S</cbc:ID>
        <cbc:Percent>25</cbc:Percent>
        <cac:TaxScheme>
          <cbc:ID>VAT</cbc:ID>
        </cac:TaxScheme>
      </cac:ClassifiedTaxCategory>
    </cac:Item>
    <cac:Price>
      <cbc:PriceAmount currencyID="DKK">2.25</cbc:PriceAmount>
      <cbc:BaseQuantity>1</cbc:BaseQuantity>
    </cac:Price>
  </cac:InvoiceLine>
  <cac:InvoiceLine>
    <cbc:ID>12</cbc:ID>
    <cbc:InvoicedQuantity unitCode="H87">8</cbc:InvoicedQuantity>
    <cbc:LineExtensionAmount currencyID="DKK">62.40</cbc:LineExtensionAmount>
    <cac:Item>
      <cbc:Name>Black pepper</cbc:Name>
      <cac:BuyersItemIdentification>
        <cbc:ID>090412</cbc:ID>
      </cac:BuyersItemIdentification>
      <cac:StandardItemIdentification>
        <cbc:ID schemeID="0160">7045516005036</cbc:ID>
      </cac:StandardItemIdentification>
      <cac:OriginCountry>
        <cbc:IdentificationCode>DK</cbc:IdentificationCode>
      </cac:OriginCountry>
      <cac:CommodityClassification>
        <cbc:ItemClassificationCode listID="TST">50171553</cbc:ItemClassificationCode>
      </cac:CommodityClassification>
      <cac:ClassifiedTaxCategory>
        <cbc:ID>S</cbc:ID>
        <cbc:Percent>25</cbc:Percent>
        <cac:TaxScheme>
          <cbc:ID>VAT</cbc:ID>
        </cac:TaxScheme>
      </cac:ClassifiedTaxCategory>
    </cac:Item>
    <cac:Price>
      <cbc:PriceAmount currencyID="DKK">7.8</cbc:PriceAmount>
      <cbc:BaseQuantity>1</cbc:BaseQuantity>
    </cac:Price>
  </cac:InvoiceLine>
</Invoice>