﻿<?xml version="1.0" encoding="utf-8"?>
<Invoice xmlns:cac="urn:oasis:names:specification:ubl:schema:xsd:CommonAggregateComponents-2" xmlns:cbc="urn:oasis:names:specification:ubl:schema:xsd:CommonBasicComponents-2" xmlns="urn:oasis:names:specification:ubl:schema:xsd:Invoice-2">
  <cbc:CustomizationID>urn:cen.eu:en16931:2017#compliant#urn:fdc:peppol.eu:2017:poacc:billing:3.0</cbc:CustomizationID>
  <cbc:ProfileID>urn:fdc:peppol.eu:2017:poacc:billing:01:1.0</cbc:ProfileID>
  <cbc:ID>8400072</cbc:ID>
  <cbc:IssueDate>2019-11-07</cbc:IssueDate>
  <cbc:DueDate>2019-11-28</cbc:DueDate>
  <cbc:InvoiceTypeCode>380</cbc:InvoiceTypeCode>
  <cbc:DocumentCurrencyCode>EUR</cbc:DocumentCurrencyCode>
  <cbc:AccountingCost>47002</cbc:AccountingCost>
  <cbc:BuyerReference>test</cbc:BuyerReference>
  <cac:AccountingSupplierParty>
    <cac:Party>
      <cbc:EndpointID schemeID="0088">9482348239847239874</cbc:EndpointID>
      <cac:PartyIdentification>
        <cbc:ID schemeID="0184">FI01610759</cbc:ID>
      </cac:PartyIdentification>
      <cac:PartyName>
        <cbc:Name>Milkkilän kaupunki</cbc:Name>
      </cac:PartyName>
      <cac:PostalAddress>
        <cbc:StreetName>PL 85</cbc:StreetName>
        <cbc:CityName>Milkkilä</cbc:CityName>
        <cbc:PostalZone>27700</cbc:PostalZone>
        <cac:Country>
          <cbc:IdentificationCode>FI</cbc:IdentificationCode>
        </cac:Country>
      </cac:PostalAddress>
      <cac:PartyTaxScheme>
        <cbc:CompanyID>FI01610759</cbc:CompanyID>
        <cac:TaxScheme>
          <cbc:ID>VAT</cbc:ID>
        </cac:TaxScheme>
      </cac:PartyTaxScheme>
      <cac:PartyLegalEntity>
        <cbc:RegistrationName>Milkkilän kaupunki</cbc:RegistrationName>
        <cbc:CompanyID schemeID="0184">0161075-9</cbc:CompanyID>
      </cac:PartyLegalEntity>
    </cac:Party>
  </cac:AccountingSupplierParty>
  <cac:AccountingCustomerParty>
    <cac:Party>
      <cbc:EndpointID schemeID="0088">5798000024069</cbc:EndpointID>
      <cac:PartyName>
        <cbc:Name>Matti Milkproducer</cbc:Name>
      </cac:PartyName>
      <cac:PostalAddress>
        <cbc:StreetName>Maitomäentie 2255</cbc:StreetName>
        <cbc:CityName>Maitomäki</cbc:CityName>
        <cbc:PostalZone>82800</cbc:PostalZone>
        <cac:Country>
          <cbc:IdentificationCode>FI</cbc:IdentificationCode>
        </cac:Country>
      </cac:PostalAddress>
      <cac:PartyTaxScheme>
        <cbc:CompanyID>FI12525259</cbc:CompanyID>
        <cac:TaxScheme>
          <cbc:ID>VAT</cbc:ID>
        </cac:TaxScheme>
      </cac:PartyTaxScheme>
      <cac:PartyLegalEntity>
        <cbc:RegistrationName>Matti Milkproducer</cbc:RegistrationName>
        <cbc:CompanyID schemeID="0184">1252525-9</cbc:CompanyID>
      </cac:PartyLegalEntity>
    </cac:Party>
  </cac:AccountingCustomerParty>
  <cac:PaymentMeans>
    <cbc:PaymentMeansCode name="Credit transfer">1</cbc:PaymentMeansCode>
    <cbc:PaymentID>RF48840007024100</cbc:PaymentID>
    <cac:PayeeFinancialAccount>
      <cbc:ID>FI3257500120188678</cbc:ID>
      <cac:FinancialInstitutionBranch>
        <cbc:ID>OKOYFIHH</cbc:ID>
      </cac:FinancialInstitutionBranch>
    </cac:PayeeFinancialAccount>
  </cac:PaymentMeans>
  <cac:TaxTotal>
    <cbc:TaxAmount currencyID="EUR">37.39</cbc:TaxAmount>
    <cac:TaxSubtotal>
      <cbc:TaxableAmount currencyID="EUR">155.80</cbc:TaxableAmount>
      <cbc:TaxAmount currencyID="EUR">37.39</cbc:TaxAmount>
      <cac:TaxCategory>
        <cbc:ID schemeID="UN/ECE 5305" schemeAgencyID="6">O</cbc:ID>
        <cbc:Percent>24</cbc:Percent>
        <cac:TaxScheme>
          <cbc:ID>VAT</cbc:ID>
        </cac:TaxScheme>
      </cac:TaxCategory>
    </cac:TaxSubtotal>
  </cac:TaxTotal>
  <cac:LegalMonetaryTotal>
    <cbc:LineExtensionAmount currencyID="EUR">155.80</cbc:LineExtensionAmount>
    <cbc:TaxExclusiveAmount currencyID="EUR">155.80</cbc:TaxExclusiveAmount>
    <cbc:TaxInclusiveAmount currencyID="EUR">193.19</cbc:TaxInclusiveAmount>
    <cbc:PayableAmount currencyID="EUR">193.19</cbc:PayableAmount>
  </cac:LegalMonetaryTotal>
  <cac:InvoiceLine>
    <cbc:ID>1</cbc:ID>
    <cbc:InvoicedQuantity unitCode="MON">12.983</cbc:InvoicedQuantity>
    <cbc:LineExtensionAmount currencyID="EUR">155.80</cbc:LineExtensionAmount>
    <cac:Item>
      <cbc:Name>Substitution for holidays</cbc:Name>
      <cac:OriginCountry>
        <cbc:IdentificationCode>FI</cbc:IdentificationCode>
      </cac:OriginCountry>
      <cac:ClassifiedTaxCategory>
        <cbc:ID>O</cbc:ID>
        <cbc:Percent>24</cbc:Percent>
        <cac:TaxScheme>
          <cbc:ID>VAT</cbc:ID>
        </cac:TaxScheme>
      </cac:ClassifiedTaxCategory>
    </cac:Item>
    <cac:Price>
      <cbc:PriceAmount currencyID="EUR">12.00</cbc:PriceAmount>
      <cbc:BaseQuantity>1</cbc:BaseQuantity>
    </cac:Price>
  </cac:InvoiceLine>
</Invoice>