﻿<?xml version="1.0" encoding="utf-8"?>
<Invoice xmlns:cac="urn:oasis:names:specification:ubl:schema:xsd:CommonAggregateComponents-2" xmlns:cbc="urn:oasis:names:specification:ubl:schema:xsd:CommonBasicComponents-2" xmlns="urn:oasis:names:specification:ubl:schema:xsd:Invoice-2">
  <cbc:CustomizationID>urn:cen.eu:en16931:2017#compliant#urn:fdc:peppol.eu:2017:poacc:billing:3.0</cbc:CustomizationID>
  <cbc:ProfileID>urn:fdc:peppol.eu:2017:poacc:billing:01:1.0</cbc:ProfileID>
  <cbc:ID>11703736</cbc:ID>
  <cbc:IssueDate>2019-02-25</cbc:IssueDate>
  <cbc:DueDate>2019-03-01</cbc:DueDate>
  <cbc:InvoiceTypeCode>380</cbc:InvoiceTypeCode>
  <cbc:DocumentCurrencyCode>DKK</cbc:DocumentCurrencyCode>
  <cbc:AccountingCost>2490</cbc:AccountingCost>
  <cbc:BuyerReference>test</cbc:BuyerReference>
  <cac:AccountingSupplierParty>
    <cac:Party>
      <cbc:EndpointID schemeID="0088">9482348239847239874</cbc:EndpointID>
      <cac:PartyIdentification>
        <cbc:ID schemeID="0184">DK36909080</cbc:ID>
      </cac:PartyIdentification>
      <cac:PartyName>
        <cbc:Name>Hiper</cbc:Name>
      </cac:PartyName>
      <cac:PostalAddress>
        <cbc:StreetName>Langebrogade 6 J</cbc:StreetName>
        <cbc:CityName>København K</cbc:CityName>
        <cbc:PostalZone>1411</cbc:PostalZone>
        <cac:Country>
          <cbc:IdentificationCode>DK</cbc:IdentificationCode>
        </cac:Country>
      </cac:PostalAddress>
      <cac:PartyTaxScheme>
        <cbc:CompanyID>DK36909080</cbc:CompanyID>
        <cac:TaxScheme>
          <cbc:ID>VAT</cbc:ID>
        </cac:TaxScheme>
      </cac:PartyTaxScheme>
      <cac:PartyLegalEntity>
        <cbc:RegistrationName>Hiper</cbc:RegistrationName>
        <cbc:CompanyID schemeID="0184">DK36909080</cbc:CompanyID>
      </cac:PartyLegalEntity>
    </cac:Party>
  </cac:AccountingSupplierParty>
  <cac:AccountingCustomerParty>
    <cac:Party>
      <cbc:EndpointID schemeID="0088">5798000024069</cbc:EndpointID>
      <cac:PartyName>
        <cbc:Name>NSG Catering</cbc:Name>
      </cac:PartyName>
      <cac:PostalAddress>
        <cbc:StreetName>Langelinie Alle 17</cbc:StreetName>
        <cbc:CityName>København Ø</cbc:CityName>
        <cbc:PostalZone>2100</cbc:PostalZone>
        <cac:Country>
          <cbc:IdentificationCode>DK</cbc:IdentificationCode>
        </cac:Country>
      </cac:PostalAddress>
      <cac:PartyTaxScheme>
        <cbc:CompanyID>DK20202020</cbc:CompanyID>
        <cac:TaxScheme>
          <cbc:ID>VAT</cbc:ID>
        </cac:TaxScheme>
      </cac:PartyTaxScheme>
      <cac:PartyLegalEntity>
        <cbc:RegistrationName>NSG Catering</cbc:RegistrationName>
        <cbc:CompanyID schemeID="0184">DK20202020</cbc:CompanyID>
      </cac:PartyLegalEntity>
    </cac:Party>
  </cac:AccountingCustomerParty>
  <cac:PaymentMeans>
    <cbc:PaymentMeansCode name="Credit transfer">1</cbc:PaymentMeansCode>
    <cbc:PaymentID>98130789</cbc:PaymentID>
    <cac:PayeeFinancialAccount>
      <cbc:ID>DK8827344596102440</cbc:ID>
      <cac:FinancialInstitutionBranch>
        <cbc:ID>NDEADKKK</cbc:ID>
      </cac:FinancialInstitutionBranch>
    </cac:PayeeFinancialAccount>
  </cac:PaymentMeans>
  <cac:TaxTotal>
    <cbc:TaxAmount currencyID="DKK">32.25</cbc:TaxAmount>
    <cac:TaxSubtotal>
      <cbc:TaxableAmount currencyID="DKK">129</cbc:TaxableAmount>
      <cbc:TaxAmount currencyID="DKK">32.25</cbc:TaxAmount>
      <cac:TaxCategory>
        <cbc:ID schemeID="UN/ECE 5305" schemeAgencyID="6">S</cbc:ID>
        <cbc:Percent>25</cbc:Percent>
        <cac:TaxScheme>
          <cbc:ID>VAT</cbc:ID>
        </cac:TaxScheme>
      </cac:TaxCategory>
    </cac:TaxSubtotal>
  </cac:TaxTotal>
  <cac:LegalMonetaryTotal>
    <cbc:LineExtensionAmount currencyID="DKK">129</cbc:LineExtensionAmount>
    <cbc:TaxExclusiveAmount currencyID="DKK">129</cbc:TaxExclusiveAmount>
    <cbc:TaxInclusiveAmount currencyID="DKK">161.25</cbc:TaxInclusiveAmount>
    <cbc:PayableAmount currencyID="DKK">161.25</cbc:PayableAmount>
  </cac:LegalMonetaryTotal>
  <cac:InvoiceLine>
    <cbc:ID>1</cbc:ID>
    <cbc:InvoicedQuantity unitCode="MON">1</cbc:InvoicedQuantity>
    <cbc:LineExtensionAmount currencyID="DKK">129</cbc:LineExtensionAmount>
    <cac:Item>
      <cbc:Name>internet (monthly subscription)</cbc:Name>
      <cac:ClassifiedTaxCategory>
        <cbc:ID>S</cbc:ID>
        <cbc:Percent>25</cbc:Percent>
        <cac:TaxScheme>
          <cbc:ID>VAT</cbc:ID>
        </cac:TaxScheme>
      </cac:ClassifiedTaxCategory>
    </cac:Item>
    <cac:Price>
      <cbc:PriceAmount currencyID="DKK">129</cbc:PriceAmount>
      <cbc:BaseQuantity>1</cbc:BaseQuantity>
    </cac:Price>
  </cac:InvoiceLine>
</Invoice>