﻿<?xml version="1.0" encoding="utf-8"?>
<Invoice xmlns:cac="urn:oasis:names:specification:ubl:schema:xsd:CommonAggregateComponents-2" xmlns:cbc="urn:oasis:names:specification:ubl:schema:xsd:CommonBasicComponents-2" xmlns="urn:oasis:names:specification:ubl:schema:xsd:Invoice-2">
  <cbc:CustomizationID>urn:cen.eu:en16931:2017#compliant#urn:fdc:peppol.eu:2017:poacc:billing:3.0</cbc:CustomizationID>
  <cbc:ProfileID>urn:fdc:peppol.eu:2017:poacc:billing:01:1.0</cbc:ProfileID>
  <cbc:ID>20962521</cbc:ID>
  <cbc:IssueDate>2019-08-06</cbc:IssueDate>
  <cbc:DueDate>2019-09-05</cbc:DueDate>
  <cbc:InvoiceTypeCode>380</cbc:InvoiceTypeCode>
  <cbc:DocumentCurrencyCode>EUR</cbc:DocumentCurrencyCode>
  <cbc:AccountingCost>1630</cbc:AccountingCost>
  <cbc:BuyerReference>test</cbc:BuyerReference>
  <cac:AccountingSupplierParty>
    <cac:Party>
      <cbc:EndpointID schemeID="0088">9482348239847239874</cbc:EndpointID>
      <cac:PartyIdentification>
        <cbc:ID schemeID="0184">FI07654321</cbc:ID>
      </cac:PartyIdentification>
      <cac:PartyName>
        <cbc:Name>Finnish lamb Oy</cbc:Name>
      </cac:PartyName>
      <cac:PostalAddress>
        <cbc:StreetName>Annankatu 8</cbc:StreetName>
        <cbc:CityName>Salo</cbc:CityName>
        <cbc:PostalZone>24240</cbc:PostalZone>
        <cac:Country>
          <cbc:IdentificationCode>FI</cbc:IdentificationCode>
        </cac:Country>
      </cac:PostalAddress>
      <cac:PartyTaxScheme>
        <cbc:CompanyID>FI07654321</cbc:CompanyID>
        <cac:TaxScheme>
          <cbc:ID>VAT</cbc:ID>
        </cac:TaxScheme>
      </cac:PartyTaxScheme>
      <cac:PartyLegalEntity>
        <cbc:RegistrationName>Finnish lamb Oy</cbc:RegistrationName>
        <cbc:CompanyID schemeID="0184">FI07654321</cbc:CompanyID>
      </cac:PartyLegalEntity>
    </cac:Party>
  </cac:AccountingSupplierParty>
  <cac:AccountingCustomerParty>
    <cac:Party>
      <cbc:EndpointID schemeID="0088">5798000024069</cbc:EndpointID>
      <cac:PartyName>
        <cbc:Name>NSG Catering</cbc:Name>
      </cac:PartyName>
      <cac:PostalAddress>
        <cbc:StreetName>Langelinie Alle 17</cbc:StreetName>
        <cbc:CityName>København Ø</cbc:CityName>
        <cbc:PostalZone>2100</cbc:PostalZone>
        <cac:Country>
          <cbc:IdentificationCode>DK</cbc:IdentificationCode>
        </cac:Country>
      </cac:PostalAddress>
      <cac:PartyTaxScheme>
        <cbc:CompanyID>DK20202020</cbc:CompanyID>
        <cac:TaxScheme>
          <cbc:ID>VAT</cbc:ID>
        </cac:TaxScheme>
      </cac:PartyTaxScheme>
      <cac:PartyLegalEntity>
        <cbc:RegistrationName>NSG Catering</cbc:RegistrationName>
        <cbc:CompanyID schemeID="0184">DK20202020</cbc:CompanyID>
      </cac:PartyLegalEntity>
    </cac:Party>
  </cac:AccountingCustomerParty>
  <cac:PaymentMeans>
    <cbc:PaymentMeansCode name="Credit transfer">1</cbc:PaymentMeansCode>
    <cbc:PaymentID>98130879</cbc:PaymentID>
    <cac:PayeeFinancialAccount>
      <cbc:ID>FI21 1234 5600 0007 85</cbc:ID>
      <cac:FinancialInstitutionBranch>
        <cbc:ID>NDEAFIHH</cbc:ID>
      </cac:FinancialInstitutionBranch>
    </cac:PayeeFinancialAccount>
  </cac:PaymentMeans>
  <cac:TaxTotal>
    <cbc:TaxAmount currencyID="EUR">0</cbc:TaxAmount>
    <cac:TaxSubtotal>
      <cbc:TaxableAmount currencyID="EUR">212.8</cbc:TaxableAmount>
      <cbc:TaxAmount currencyID="EUR">0</cbc:TaxAmount>
      <cac:TaxCategory>
        <cbc:ID schemeID="UN/ECE 5305" schemeAgencyID="6">AE</cbc:ID>
        <cbc:Percent>0</cbc:Percent>
        <cbc:TaxExemptionReason>Reverse charge</cbc:TaxExemptionReason>
        <cac:TaxScheme>
          <cbc:ID>VAT</cbc:ID>
        </cac:TaxScheme>
      </cac:TaxCategory>
    </cac:TaxSubtotal>
  </cac:TaxTotal>
  <cac:LegalMonetaryTotal>
    <cbc:LineExtensionAmount currencyID="EUR">212.8</cbc:LineExtensionAmount>
    <cbc:TaxExclusiveAmount currencyID="EUR">212.8</cbc:TaxExclusiveAmount>
    <cbc:TaxInclusiveAmount currencyID="EUR">212.8</cbc:TaxInclusiveAmount>
    <cbc:PayableAmount currencyID="EUR">212.8</cbc:PayableAmount>
  </cac:LegalMonetaryTotal>
  <cac:InvoiceLine>
    <cbc:ID>1</cbc:ID>
    <cbc:InvoicedQuantity unitCode="KGM">4</cbc:InvoicedQuantity>
    <cbc:LineExtensionAmount currencyID="EUR">212.8</cbc:LineExtensionAmount>
    <cac:Item>
      <cbc:Name>(Finnish lamb (organic)</cbc:Name>
      <cac:BuyersItemIdentification>
        <cbc:ID>5712871854754</cbc:ID>
      </cac:BuyersItemIdentification>
      <cac:ClassifiedTaxCategory>
        <cbc:ID>AE</cbc:ID>
        <cbc:Percent>0</cbc:Percent>
        <cac:TaxScheme>
          <cbc:ID>VAT</cbc:ID>
        </cac:TaxScheme>
      </cac:ClassifiedTaxCategory>
    </cac:Item>
    <cac:Price>
      <cbc:PriceAmount currencyID="EUR">53.2</cbc:PriceAmount>
      <cbc:BaseQuantity>1</cbc:BaseQuantity>
    </cac:Price>
  </cac:InvoiceLine>
</Invoice>