﻿<?xml version="1.0" encoding="UTF-8"?>
<Document xmlns="urn:iso:std:iso:20022:tech:xsd:camt.053.001.08">
  <BkToCstmrStmt>
    <GrpHdr>
      <MsgId>NSG.6</MsgId>
      <CreDtTm>2019-02-17T23:59:00+02:00</CreDtTm>
      <MsgRcpt>
        <Nm>NSG Catering</Nm>
        <Id>
          <OrgId>
            <Othr>
              <Id>20202020</Id>
              <SchmeNm>
                <Cd>BANK</Cd>
              </SchmeNm>
            </Othr>
          </OrgId>
        </Id>
      </MsgRcpt>
      </GrpHdr>
    <Stmt>
      <Id>NSG.6.1</Id>
      <LglSeqNb>16</LglSeqNb>
      <CreDtTm>2019-02-17T23:59:00+02:00</CreDtTm>
      <FrToDt>
        <FrDtTm>2019-02-17T00:00:00+02:00</FrDtTm>
        <ToDtTm>2019-02-24T23:59:59+02:00</ToDtTm>
      </FrToDt>
      <Acct>
        <Id>
          <IBAN>DK7650643711684327</IBAN>
        </Id>
        <Ccy>DKK</Ccy>
        <Nm>Business account</Nm>
        <Ownr>
          <Nm>NSG Catering</Nm>
          <Id>
            <OrgId>
              <Othr>
                <Id>20202020</Id>
              </Othr>
            </OrgId>
          </Id>
        </Ownr>
        <Svcr>
          <FinInstnId>
            <BICFI>NDEADKKK</BICFI>
            <Nm>NORDEA BANK DANMARK A/S</Nm>
          </FinInstnId>
        </Svcr>
      </Acct>
      <Bal>
        <Tp>
          <CdOrPrtry>
            <Cd>OPBD</Cd>
          </CdOrPrtry>
        </Tp>
        <Amt Ccy="DKK">17089.07875</Amt>
        <CdtDbtInd>CRDT</CdtDbtInd>
        <Dt>
          <Dt>2019-02-17</Dt>
        </Dt>
      </Bal>
      <Bal>
        <Tp>
          <CdOrPrtry>
            <Cd>CLBD</Cd>
          </CdOrPrtry>
        </Tp>
        <Amt Ccy="DKK">28437.42875</Amt>
        <CdtDbtInd>CRDT</CdtDbtInd>
        <Dt>
          <Dt>2019-02-24</Dt>
        </Dt>
      </Bal>
         
  <TxsSummry>
        <TtlCdtNtries>          <Sum>21800</Sum>
        </TtlCdtNtries>
        <TtlDbtNtries>          <Sum>10451.65</Sum>
        </TtlDbtNtries>
      </TxsSummry><Ntry>
        <NtryRef>00031</NtryRef>
        <Amt Ccy="DKK">9998</Amt>
        <CdtDbtInd>DBIT</CdtDbtInd>
        <Sts><Prtry>BOOK</Prtry></Sts>
        <BookgDt>
          <Dt>2019-02-17</Dt>
        </BookgDt>
        <ValDt>
          <Dt>2019-02-17</Dt>
        </ValDt> <BkTxCd> <Domn>
            <Cd>PMNT</Cd>
            <Fmly>
              <Cd>RCDT</Cd>
              <SubFmlyCd>ESCT</SubFmlyCd>
            </Fmly>
          </Domn>
          <Prtry>
            <Cd>700TILISIIRTO</Cd>
            <Issr>FFFS</Issr>
          </Prtry>
</BkTxCd>        
        <NtryDtls>
          <TxDtls>
            <AmtDtls>
              <TxAmt>
                <Amt Ccy="DKK">9998</Amt>
              </TxAmt>
            </AmtDtls>
            <RltdPties>
              <Cdtr><Pty>
                <Nm>Danica sjavarafurdir </Nm>
              </Pty></Cdtr>
            </RltdPties><RmtInf>
               <Strd><RfrdDocInf><Nb>209619690361</Nb></RfrdDocInf>
                <CdtrRefInf>
                  <Tp>
                    <CdOrPrtry>
                      <Cd>SCOR</Cd>
                    </CdOrPrtry>
                  </Tp>
                  <Ref>98130780</Ref>
                </CdtrRefInf>
              </Strd>
            </RmtInf>          </TxDtls>
        </NtryDtls>
      </Ntry><Ntry>
        <NtryRef>00032</NtryRef>
        <Amt Ccy="DKK">106.4</Amt>
        <CdtDbtInd>DBIT</CdtDbtInd>
        <Sts><Prtry>BOOK</Prtry></Sts>
        <BookgDt>
          <Dt>2019-02-18</Dt>
        </BookgDt>
        <ValDt>
          <Dt>2019-02-18</Dt>
        </ValDt> <BkTxCd> <Domn>
            <Cd>PMNT</Cd>
            <Fmly>
              <Cd>RCDT</Cd>
              <SubFmlyCd>ESCT</SubFmlyCd>
            </Fmly>
          </Domn>
          <Prtry>
            <Cd>700TILISIIRTO</Cd>
            <Issr>FFFS</Issr>
          </Prtry>
</BkTxCd>        
        <NtryDtls>
          <TxDtls>
            <AmtDtls>
              <TxAmt>
                <Amt Ccy="DKK">106.4</Amt>
              </TxAmt>
            </AmtDtls>
            <RltdPties>
              <Cdtr><Pty>
                <Nm>Finnish lamb Oy</Nm>
              </Pty></Cdtr>
            </RltdPties><RmtInf>
               <Strd><RfrdDocInf><Nb>20961999</Nb></RfrdDocInf>
                <CdtrRefInf>
                  <Tp>
                    <CdOrPrtry>
                      <Cd>SCOR</Cd>
                    </CdOrPrtry>
                  </Tp>
                  <Ref>98130781</Ref>
                </CdtrRefInf>
              </Strd>
            </RmtInf>          </TxDtls>
        </NtryDtls>
      </Ntry><Ntry>
        <NtryRef>00033</NtryRef>
        <Amt Ccy="DKK">270</Amt>
        <CdtDbtInd>DBIT</CdtDbtInd>
        <Sts><Prtry>BOOK</Prtry></Sts>
        <BookgDt>
          <Dt>2019-02-19</Dt>
        </BookgDt>
        <ValDt>
          <Dt>2019-02-19</Dt>
        </ValDt> <BkTxCd> <Domn>
            <Cd>PMNT</Cd>
            <Fmly>
              <Cd>RCDT</Cd>
              <SubFmlyCd>ESCT</SubFmlyCd>
            </Fmly>
          </Domn>
          <Prtry>
            <Cd>700TILISIIRTO</Cd>
            <Issr>FFFS</Issr>
          </Prtry>
</BkTxCd>        
        <NtryDtls>
          <TxDtls>
            <AmtDtls>
              <TxAmt>
                <Amt Ccy="DKK">270</Amt>
              </TxAmt>
            </AmtDtls>
            <RltdPties>
              <Cdtr><Pty>
                <Nm>Danica sjavarafurdir </Nm>
              </Pty></Cdtr>
            </RltdPties><RmtInf>
               <Strd><RfrdDocInf><Nb>209619690369</Nb></RfrdDocInf>
                <CdtrRefInf>
                  <Tp>
                    <CdOrPrtry>
                      <Cd>SCOR</Cd>
                    </CdOrPrtry>
                  </Tp>
                  <Ref>98130782</Ref>
                </CdtrRefInf>
              </Strd>
            </RmtInf>          </TxDtls>
        </NtryDtls>
      </Ntry><Ntry>
        <NtryRef>00034</NtryRef>
        <Amt Ccy="DKK">17.5</Amt>
        <CdtDbtInd>DBIT</CdtDbtInd>
        <Sts><Prtry>BOOK</Prtry></Sts>
        <BookgDt>
          <Dt>2019-02-20</Dt>
        </BookgDt>
        <ValDt>
          <Dt>2019-02-20</Dt>
        </ValDt> <BkTxCd> <Domn>
            <Cd>PMNT</Cd>
            <Fmly>
              <Cd>RCDT</Cd>
              <SubFmlyCd>ESCT</SubFmlyCd>
            </Fmly>
          </Domn>
          <Prtry>
            <Cd>700TILISIIRTO</Cd>
            <Issr>FFFS</Issr>
          </Prtry>
</BkTxCd>        
        <NtryDtls>
          <TxDtls>
            <AmtDtls>
              <TxAmt>
                <Amt Ccy="DKK">17.5</Amt>
              </TxAmt>
            </AmtDtls>
            <RltdPties>
              <Cdtr><Pty>
                <Nm>Supplier Organic Food Scandinavia AS</Nm>
              </Pty></Cdtr>
            </RltdPties><RmtInf>
               <Strd><RfrdDocInf><Nb>20195689</Nb></RfrdDocInf>
                <CdtrRefInf>
                  <Tp>
                    <CdOrPrtry>
                      <Cd>SCOR</Cd>
                    </CdOrPrtry>
                  </Tp>
                  <Ref>98130783</Ref>
                </CdtrRefInf>
              </Strd>
            </RmtInf>          </TxDtls>
        </NtryDtls>
      </Ntry><Ntry>
        <NtryRef>00035</NtryRef>
        <Amt Ccy="DKK">59.75</Amt>
        <CdtDbtInd>DBIT</CdtDbtInd>
        <Sts><Prtry>BOOK</Prtry></Sts>
        <BookgDt>
          <Dt>2019-02-21</Dt>
        </BookgDt>
        <ValDt>
          <Dt>2019-02-21</Dt>
        </ValDt> <BkTxCd> <Domn>
            <Cd>PMNT</Cd>
            <Fmly>
              <Cd>RCDT</Cd>
              <SubFmlyCd>ESCT</SubFmlyCd>
            </Fmly>
          </Domn>
          <Prtry>
            <Cd>700TILISIIRTO</Cd>
            <Issr>FFFS</Issr>
          </Prtry>
</BkTxCd>        
        <NtryDtls>
          <TxDtls>
            <AmtDtls>
              <TxAmt>
                <Amt Ccy="DKK">59.75</Amt>
              </TxAmt>
            </AmtDtls>
            <RltdPties>
              <Cdtr><Pty>
                <Nm>Gryssjöns Potatis AB</Nm>
              </Pty></Cdtr>
            </RltdPties><RmtInf>
               <Strd><RfrdDocInf><Nb>54272871</Nb></RfrdDocInf>
                <CdtrRefInf>
                  <Tp>
                    <CdOrPrtry>
                      <Cd>SCOR</Cd>
                    </CdOrPrtry>
                  </Tp>
                  <Ref>98130784</Ref>
                </CdtrRefInf>
              </Strd>
            </RmtInf>          </TxDtls>
        </NtryDtls>
      </Ntry><Ntry>
        <NtryRef>00036</NtryRef>
        <Amt Ccy="DKK">21800</Amt>
        <CdtDbtInd>CRDT</CdtDbtInd>
        <Sts><Prtry>BOOK</Prtry></Sts>
        <BookgDt>
          <Dt>2019-02-22</Dt>
        </BookgDt>
        <ValDt>
          <Dt>2019-02-22</Dt>
        </ValDt> <BkTxCd> <Domn>
            <Cd>PMNT</Cd>
            <Fmly>
              <Cd>RCDT</Cd>
              <SubFmlyCd>ESCT</SubFmlyCd>
            </Fmly>
          </Domn>
          <Prtry>
            <Cd>700TILISIIRTO</Cd>
            <Issr>FFFS</Issr>
          </Prtry>
</BkTxCd>        
        <NtryDtls>
          <TxDtls>
            <AmtDtls>
              <TxAmt>
                <Amt Ccy="DKK">21800</Amt>
              </TxAmt>
            </AmtDtls>
            <RltdPties>
              <Cdtr><Pty>
                <Nm>NSG Catering</Nm>
              </Pty></Cdtr>
            </RltdPties><RmtInf>
               <Strd><RfrdDocInf><Nb>2460905</Nb></RfrdDocInf>
                <CdtrRefInf>
                  <Tp>
                    <CdOrPrtry>
                      <Cd>SCOR</Cd>
                    </CdOrPrtry>
                  </Tp>
                  <Ref>58706774</Ref>
                </CdtrRefInf>
              </Strd>
            </RmtInf>          </TxDtls>
        </NtryDtls>
      </Ntry>  </Stmt>
  </BkToCstmrStmt>
</Document>