﻿<?xml version="1.0" encoding="UTF-8"?>
<Document xmlns="urn:iso:std:iso:20022:tech:xsd:camt.053.001.08">
  <BkToCstmrStmt>
    <GrpHdr>
      <MsgId>NSG.5</MsgId>
      <CreDtTm>2019-02-09T23:59:00+02:00</CreDtTm>
      <MsgRcpt>
        <Nm>NSG Catering</Nm>
        <Id>
          <OrgId>
            <Othr>
              <Id>20202020</Id>
              <SchmeNm>
                <Cd>BANK</Cd>
              </SchmeNm>
            </Othr>
          </OrgId>
        </Id>
      </MsgRcpt>
      </GrpHdr>
    <Stmt>
      <Id>NSG.5.1</Id>
      <LglSeqNb>15</LglSeqNb>
      <CreDtTm>2019-02-09T23:59:00+02:00</CreDtTm>
      <FrToDt>
        <FrDtTm>2019-02-09T00:00:00+02:00</FrDtTm>
        <ToDtTm>2019-02-16T23:59:59+02:00</ToDtTm>
      </FrToDt>
      <Acct>
        <Id>
          <IBAN>DK7650643711684327</IBAN>
        </Id>
        <Ccy>DKK</Ccy>
        <Nm>Business account</Nm>
        <Ownr>
          <Nm>NSG Catering</Nm>
          <Id>
            <OrgId>
              <Othr>
                <Id>20202020</Id>
              </Othr>
            </OrgId>
          </Id>
        </Ownr>
        <Svcr>
          <FinInstnId>
            <BICFI>NDEADKKK</BICFI>
            <Nm>NORDEA BANK DANMARK A/S</Nm>
          </FinInstnId>
        </Svcr>
      </Acct>
      <Bal>
        <Tp>
          <CdOrPrtry>
            <Cd>OPBD</Cd>
          </CdOrPrtry>
        </Tp>
        <Amt Ccy="DKK">11059.535</Amt>
        <CdtDbtInd>CRDT</CdtDbtInd>
        <Dt>
          <Dt>2019-02-09</Dt>
        </Dt>
      </Bal>
      <Bal>
        <Tp>
          <CdOrPrtry>
            <Cd>CLBD</Cd>
          </CdOrPrtry>
        </Tp>
        <Amt Ccy="DKK">17089.07875</Amt>
        <CdtDbtInd>CRDT</CdtDbtInd>
        <Dt>
          <Dt>2019-02-16</Dt>
        </Dt>
      </Bal>
         
  <TxsSummry>
        <TtlCdtNtries>          <Sum>12375</Sum>
        </TtlCdtNtries>
        <TtlDbtNtries>          <Sum>6345.45625</Sum>
        </TtlDbtNtries>
      </TxsSummry><Ntry>
        <NtryRef>00025</NtryRef>
        <Amt Ccy="DKK">4552.5</Amt>
        <CdtDbtInd>DBIT</CdtDbtInd>
        <Sts><Prtry>BOOK</Prtry></Sts>
        <BookgDt>
          <Dt>2019-02-09</Dt>
        </BookgDt>
        <ValDt>
          <Dt>2019-02-09</Dt>
        </ValDt> <BkTxCd> <Domn>
            <Cd>PMNT</Cd>
            <Fmly>
              <Cd>RCDT</Cd>
              <SubFmlyCd>ESCT</SubFmlyCd>
            </Fmly>
          </Domn>
          <Prtry>
            <Cd>700TILISIIRTO</Cd>
            <Issr>FFFS</Issr>
          </Prtry>
</BkTxCd>        
        <NtryDtls>
          <TxDtls>
            <AmtDtls>
              <TxAmt>
                <Amt Ccy="DKK">4552.5</Amt>
              </TxAmt>
            </AmtDtls>
            <RltdPties>
              <Cdtr><Pty>
                <Nm>Drive-On</Nm>
              </Pty></Cdtr>
            </RltdPties><RmtInf>
               <Strd><RfrdDocInf><Nb>7418295</Nb></RfrdDocInf>
                <CdtrRefInf>
                  <Tp>
                    <CdOrPrtry>
                      <Cd>SCOR</Cd>
                    </CdOrPrtry>
                  </Tp>
                  <Ref>98130775</Ref>
                </CdtrRefInf>
              </Strd>
            </RmtInf>          </TxDtls>
        </NtryDtls>
      </Ntry><Ntry>
        <NtryRef>00026</NtryRef>
        <Amt Ccy="DKK">763.45625</Amt>
        <CdtDbtInd>DBIT</CdtDbtInd>
        <Sts><Prtry>BOOK</Prtry></Sts>
        <BookgDt>
          <Dt>2019-02-10</Dt>
        </BookgDt>
        <ValDt>
          <Dt>2019-02-10</Dt>
        </ValDt> <BkTxCd> <Domn>
            <Cd>PMNT</Cd>
            <Fmly>
              <Cd>RCDT</Cd>
              <SubFmlyCd>ESCT</SubFmlyCd>
            </Fmly>
          </Domn>
          <Prtry>
            <Cd>700TILISIIRTO</Cd>
            <Issr>FFFS</Issr>
          </Prtry>
</BkTxCd>        
        <NtryDtls>
          <TxDtls>
            <AmtDtls>
              <TxAmt>
                <Amt Ccy="DKK">763.45625</Amt>
              </TxAmt>
            </AmtDtls>
            <RltdPties>
              <Cdtr><Pty>
                <Nm>Antalis Packaging</Nm>
              </Pty></Cdtr>
            </RltdPties><RmtInf>
               <Strd><RfrdDocInf><Nb>98870641</Nb></RfrdDocInf>
                <CdtrRefInf>
                  <Tp>
                    <CdOrPrtry>
                      <Cd>SCOR</Cd>
                    </CdOrPrtry>
                  </Tp>
                  <Ref>98130776</Ref>
                </CdtrRefInf>
              </Strd>
            </RmtInf>          </TxDtls>
        </NtryDtls>
      </Ntry><Ntry>
        <NtryRef>00027</NtryRef>
        <Amt Ccy="DKK">119.5</Amt>
        <CdtDbtInd>DBIT</CdtDbtInd>
        <Sts><Prtry>BOOK</Prtry></Sts>
        <BookgDt>
          <Dt>2019-02-11</Dt>
        </BookgDt>
        <ValDt>
          <Dt>2019-02-11</Dt>
        </ValDt> <BkTxCd> <Domn>
            <Cd>PMNT</Cd>
            <Fmly>
              <Cd>RCDT</Cd>
              <SubFmlyCd>ESCT</SubFmlyCd>
            </Fmly>
          </Domn>
          <Prtry>
            <Cd>700TILISIIRTO</Cd>
            <Issr>FFFS</Issr>
          </Prtry>
</BkTxCd>        
        <NtryDtls>
          <TxDtls>
            <AmtDtls>
              <TxAmt>
                <Amt Ccy="DKK">119.5</Amt>
              </TxAmt>
            </AmtDtls>
            <RltdPties>
              <Cdtr><Pty>
                <Nm>Gryssjöns Potatis AB</Nm>
              </Pty></Cdtr>
            </RltdPties><RmtInf>
               <Strd><RfrdDocInf><Nb>54272868</Nb></RfrdDocInf>
                <CdtrRefInf>
                  <Tp>
                    <CdOrPrtry>
                      <Cd>SCOR</Cd>
                    </CdOrPrtry>
                  </Tp>
                  <Ref>98130777</Ref>
                </CdtrRefInf>
              </Strd>
            </RmtInf>          </TxDtls>
        </NtryDtls>
      </Ntry><Ntry>
        <NtryRef>00028</NtryRef>
        <Amt Ccy="DKK">35</Amt>
        <CdtDbtInd>DBIT</CdtDbtInd>
        <Sts><Prtry>BOOK</Prtry></Sts>
        <BookgDt>
          <Dt>2019-02-12</Dt>
        </BookgDt>
        <ValDt>
          <Dt>2019-02-12</Dt>
        </ValDt> <BkTxCd> <Domn>
            <Cd>PMNT</Cd>
            <Fmly>
              <Cd>RCDT</Cd>
              <SubFmlyCd>ESCT</SubFmlyCd>
            </Fmly>
          </Domn>
          <Prtry>
            <Cd>700TILISIIRTO</Cd>
            <Issr>FFFS</Issr>
          </Prtry>
</BkTxCd>        
        <NtryDtls>
          <TxDtls>
            <AmtDtls>
              <TxAmt>
                <Amt Ccy="DKK">35</Amt>
              </TxAmt>
            </AmtDtls>
            <RltdPties>
              <Cdtr><Pty>
                <Nm>Supplier Organic Food Scandinavia AS</Nm>
              </Pty></Cdtr>
            </RltdPties><RmtInf>
               <Strd><RfrdDocInf><Nb>20195649</Nb></RfrdDocInf>
                <CdtrRefInf>
                  <Tp>
                    <CdOrPrtry>
                      <Cd>SCOR</Cd>
                    </CdOrPrtry>
                  </Tp>
                  <Ref>98130778</Ref>
                </CdtrRefInf>
              </Strd>
            </RmtInf>          </TxDtls>
        </NtryDtls>
      </Ntry><Ntry>
        <NtryRef>00029</NtryRef>
        <Amt Ccy="DKK">875</Amt>
        <CdtDbtInd>DBIT</CdtDbtInd>
        <Sts><Prtry>BOOK</Prtry></Sts>
        <BookgDt>
          <Dt>2019-02-13</Dt>
        </BookgDt>
        <ValDt>
          <Dt>2019-02-13</Dt>
        </ValDt> <BkTxCd> <Domn>
            <Cd>PMNT</Cd>
            <Fmly>
              <Cd>RCDT</Cd>
              <SubFmlyCd>ESCT</SubFmlyCd>
            </Fmly>
          </Domn>
          <Prtry>
            <Cd>700TILISIIRTO</Cd>
            <Issr>FFFS</Issr>
          </Prtry>
</BkTxCd>        
        <NtryDtls>
          <TxDtls>
            <AmtDtls>
              <TxAmt>
                <Amt Ccy="DKK">875</Amt>
              </TxAmt>
            </AmtDtls>
            <RltdPties>
              <Cdtr><Pty>
                <Nm>Zealand Swine</Nm>
              </Pty></Cdtr>
            </RltdPties><RmtInf>
               <Strd><RfrdDocInf><Nb>11671254</Nb></RfrdDocInf>
                <CdtrRefInf>
                  <Tp>
                    <CdOrPrtry>
                      <Cd>SCOR</Cd>
                    </CdOrPrtry>
                  </Tp>
                  <Ref>98130779</Ref>
                </CdtrRefInf>
              </Strd>
            </RmtInf>          </TxDtls>
        </NtryDtls>
      </Ntry><Ntry>
        <NtryRef>00030</NtryRef>
        <Amt Ccy="DKK">12375</Amt>
        <CdtDbtInd>CRDT</CdtDbtInd>
        <Sts><Prtry>BOOK</Prtry></Sts>
        <BookgDt>
          <Dt>2019-02-14</Dt>
        </BookgDt>
        <ValDt>
          <Dt>2019-02-14</Dt>
        </ValDt> <BkTxCd> <Domn>
            <Cd>PMNT</Cd>
            <Fmly>
              <Cd>RCDT</Cd>
              <SubFmlyCd>ESCT</SubFmlyCd>
            </Fmly>
          </Domn>
          <Prtry>
            <Cd>700TILISIIRTO</Cd>
            <Issr>FFFS</Issr>
          </Prtry>
</BkTxCd>        
        <NtryDtls>
          <TxDtls>
            <AmtDtls>
              <TxAmt>
                <Amt Ccy="DKK">12375</Amt>
              </TxAmt>
            </AmtDtls>
            <RltdPties>
              <Cdtr><Pty>
                <Nm>NSG Catering</Nm>
              </Pty></Cdtr>
            </RltdPties><RmtInf>
               <Strd><RfrdDocInf><Nb>2460904</Nb></RfrdDocInf>
                <CdtrRefInf>
                  <Tp>
                    <CdOrPrtry>
                      <Cd>SCOR</Cd>
                    </CdOrPrtry>
                  </Tp>
                  <Ref>45271938</Ref>
                </CdtrRefInf>
              </Strd>
            </RmtInf>          </TxDtls>
        </NtryDtls>
      </Ntry>  </Stmt>
  </BkToCstmrStmt>
</Document>