﻿<?xml version="1.0" encoding="UTF-8"?>
<Document xmlns="urn:iso:std:iso:20022:tech:xsd:camt.053.001.08">
  <BkToCstmrStmt>
    <GrpHdr>
      <MsgId>NSG.16</MsgId>
      <CreDtTm>2019-05-08T23:59:00+02:00</CreDtTm>
      <MsgRcpt>
        <Nm>NSG Catering</Nm>
        <Id>
          <OrgId>
            <Othr>
              <Id>20202020</Id>
              <SchmeNm>
                <Cd>BANK</Cd>
              </SchmeNm>
            </Othr>
          </OrgId>
        </Id>
      </MsgRcpt>
      </GrpHdr>
    <Stmt>
      <Id>NSG.16.1</Id>
      <LglSeqNb>26</LglSeqNb>
      <CreDtTm>2019-05-08T23:59:00+02:00</CreDtTm>
      <FrToDt>
        <FrDtTm>2019-05-08T00:00:00+02:00</FrDtTm>
        <ToDtTm>2019-05-15T23:59:59+02:00</ToDtTm>
      </FrToDt>
      <Acct>
        <Id>
          <IBAN>DK7650643711684327</IBAN>
        </Id>
        <Ccy>DKK</Ccy>
        <Nm>Business account</Nm>
        <Ownr>
          <Nm>NSG Catering</Nm>
          <Id>
            <OrgId>
              <Othr>
                <Id>20202020</Id>
              </Othr>
            </OrgId>
          </Id>
        </Ownr>
        <Svcr>
          <FinInstnId>
            <BICFI>NDEADKKK</BICFI>
            <Nm>NORDEA BANK DANMARK A/S</Nm>
          </FinInstnId>
        </Svcr>
      </Acct>
      <Bal>
        <Tp>
          <CdOrPrtry>
            <Cd>OPBD</Cd>
          </CdOrPrtry>
        </Tp>
        <Amt Ccy="DKK">66014.0075</Amt>
        <CdtDbtInd>CRDT</CdtDbtInd>
        <Dt>
          <Dt>2019-05-08</Dt>
        </Dt>
      </Bal>
      <Bal>
        <Tp>
          <CdOrPrtry>
            <Cd>CLBD</Cd>
          </CdOrPrtry>
        </Tp>
        <Amt Ccy="DKK">66014.0075</Amt>
        <CdtDbtInd>CRDT</CdtDbtInd>
        <Dt>
          <Dt>2019-05-15</Dt>
        </Dt>
      </Bal>
         
  <TxsSummry>
        <TtlCdtNtries>          <Sum>0.00</Sum>
        </TtlCdtNtries>
        <TtlDbtNtries>          <Sum>0</Sum>
        </TtlDbtNtries>
      </TxsSummry>  </Stmt>
  </BkToCstmrStmt>
</Document>