﻿<?xml version="1.0" encoding="utf-8"?>
<Invoice xmlns:cac="urn:oasis:names:specification:ubl:schema:xsd:CommonAggregateComponents-2" xmlns:cbc="urn:oasis:names:specification:ubl:schema:xsd:CommonBasicComponents-2" xmlns="urn:oasis:names:specification:ubl:schema:xsd:Invoice-2">
  <cbc:CustomizationID>urn:cen.eu:en16931:2017#compliant#urn:fdc:peppol.eu:2017:poacc:billing:3.0</cbc:CustomizationID>
  <cbc:ProfileID>urn:fdc:peppol.eu:2017:poacc:billing:01:1.0</cbc:ProfileID>
  <cbc:ID>2460906</cbc:ID>
  <cbc:IssueDate>2019-03-08</cbc:IssueDate>
  <cbc:DueDate>2019-04-08</cbc:DueDate>
  <cbc:InvoiceTypeCode>380</cbc:InvoiceTypeCode>
  <cbc:DocumentCurrencyCode>NOK</cbc:DocumentCurrencyCode>
  <cbc:AccountingCost>1100</cbc:AccountingCost>
  <cbc:BuyerReference>test</cbc:BuyerReference>
  <cac:AccountingSupplierParty>
    <cac:Party>
      <cbc:EndpointID schemeID="0088">9482348239847239874</cbc:EndpointID>
      <cac:PartyIdentification>
        <cbc:ID schemeID="0184">DK20202020</cbc:ID>
      </cac:PartyIdentification>
      <cac:PartyName>
        <cbc:Name>NSG Catering</cbc:Name>
      </cac:PartyName>
      <cac:PostalAddress>
        <cbc:StreetName>Langelinie Alle 17</cbc:StreetName>
        <cbc:CityName>København Ø</cbc:CityName>
        <cbc:PostalZone>2100</cbc:PostalZone>
        <cac:Country>
          <cbc:IdentificationCode>DK</cbc:IdentificationCode>
        </cac:Country>
      </cac:PostalAddress>
      <cac:PartyTaxScheme>
        <cbc:CompanyID>DK20202020</cbc:CompanyID>
        <cac:TaxScheme>
          <cbc:ID>VAT</cbc:ID>
        </cac:TaxScheme>
      </cac:PartyTaxScheme>
      <cac:PartyLegalEntity>
        <cbc:RegistrationName>NSG Catering</cbc:RegistrationName>
        <cbc:CompanyID schemeID="0184">20202020</cbc:CompanyID>
      </cac:PartyLegalEntity>
    </cac:Party>
  </cac:AccountingSupplierParty>
  <cac:AccountingCustomerParty>
    <cac:Party>
      <cbc:EndpointID schemeID="0088">5798000024069</cbc:EndpointID>
      <cac:PartyName>
        <cbc:Name>Ovid Fish</cbc:Name>
      </cac:PartyName>
      <cac:PostalAddress>
        <cbc:StreetName>Stanseveien 33</cbc:StreetName>
        <cbc:CityName>Oslo</cbc:CityName>
        <cbc:PostalZone>0976</cbc:PostalZone>
        <cac:Country>
          <cbc:IdentificationCode>NO</cbc:IdentificationCode>
        </cac:Country>
      </cac:PostalAddress>
      <cac:PartyTaxScheme>
        <cbc:CompanyID>NO919095105</cbc:CompanyID>
        <cac:TaxScheme>
          <cbc:ID>VAT</cbc:ID>
        </cac:TaxScheme>
      </cac:PartyTaxScheme>
      <cac:PartyLegalEntity>
        <cbc:RegistrationName>Ovid Fish</cbc:RegistrationName>
        <cbc:CompanyID schemeID="0184">919095105</cbc:CompanyID>
      </cac:PartyLegalEntity>
    </cac:Party>
  </cac:AccountingCustomerParty>
  <cac:PaymentMeans>
    <cbc:PaymentMeansCode name="Credit transfer">1</cbc:PaymentMeansCode>
    <cbc:PaymentID>44018468</cbc:PaymentID>
    <cac:PayeeFinancialAccount>
      <cbc:ID>DK7650643711684327</cbc:ID>
      <cac:FinancialInstitutionBranch>
        <cbc:ID>NDEADKKK</cbc:ID>
      </cac:FinancialInstitutionBranch>
    </cac:PayeeFinancialAccount>
  </cac:PaymentMeans>
  <cac:TaxTotal>
    <cbc:TaxAmount currencyID="NOK">0.00</cbc:TaxAmount>
    <cac:TaxSubtotal>
      <cbc:TaxableAmount currencyID="NOK">47600.00</cbc:TaxableAmount>
      <cbc:TaxAmount currencyID="NOK">0.00</cbc:TaxAmount>
      <cac:TaxCategory>
        <cbc:ID schemeID="UN/ECE 5305" schemeAgencyID="6">AE</cbc:ID>
        <cbc:Percent>0</cbc:Percent>
        <cbc:TaxExemptionReason>Reverse charge</cbc:TaxExemptionReason>
        <cac:TaxScheme>
          <cbc:ID>VAT</cbc:ID>
        </cac:TaxScheme>
      </cac:TaxCategory>
    </cac:TaxSubtotal>
  </cac:TaxTotal>
  <cac:LegalMonetaryTotal>
    <cbc:LineExtensionAmount currencyID="NOK">47600.00</cbc:LineExtensionAmount>
    <cbc:TaxExclusiveAmount currencyID="NOK">47600.00</cbc:TaxExclusiveAmount>
    <cbc:TaxInclusiveAmount currencyID="NOK">47600.00</cbc:TaxInclusiveAmount>
    <cbc:PayableAmount currencyID="NOK">47600.00</cbc:PayableAmount>
  </cac:LegalMonetaryTotal>
  <cac:InvoiceLine>
    <cbc:ID>1</cbc:ID>
    <cbc:InvoicedQuantity unitCode="MON">400</cbc:InvoicedQuantity>
    <cbc:LineExtensionAmount currencyID="NOK">47600.00</cbc:LineExtensionAmount>
    <cac:Item>
      <cbc:Name>Catering, Organic Menu</cbc:Name>
      <cac:OriginCountry>
        <cbc:IdentificationCode>DK</cbc:IdentificationCode>
      </cac:OriginCountry>
      <cac:CommodityClassification>
        <cbc:ItemClassificationCode listID="TST">90101603</cbc:ItemClassificationCode>
      </cac:CommodityClassification>
      <cac:ClassifiedTaxCategory>
        <cbc:ID>AE</cbc:ID>
        <cbc:Percent>0</cbc:Percent>
        <cac:TaxScheme>
          <cbc:ID>VAT</cbc:ID>
        </cac:TaxScheme>
      </cac:ClassifiedTaxCategory>
    </cac:Item>
    <cac:Price>
      <cbc:PriceAmount currencyID="NOK">119</cbc:PriceAmount>
      <cbc:BaseQuantity>1</cbc:BaseQuantity>
    </cac:Price>
  </cac:InvoiceLine>
</Invoice>