﻿<?xml version="1.0" encoding="utf-8"?>
<Invoice xmlns:cac="urn:oasis:names:specification:ubl:schema:xsd:CommonAggregateComponents-2" xmlns:cbc="urn:oasis:names:specification:ubl:schema:xsd:CommonBasicComponents-2" xmlns="urn:oasis:names:specification:ubl:schema:xsd:Invoice-2">
  <cbc:CustomizationID>urn:cen.eu:en16931:2017#compliant#urn:fdc:peppol.eu:2017:poacc:billing:3.0</cbc:CustomizationID>
  <cbc:ProfileID>urn:fdc:peppol.eu:2017:poacc:billing:01:1.0</cbc:ProfileID>
  <cbc:ID>11201712</cbc:ID>
  <cbc:IssueDate>2019-08-20</cbc:IssueDate>
  <cbc:DueDate>2019-10-04</cbc:DueDate>
  <cbc:InvoiceTypeCode>380</cbc:InvoiceTypeCode>
  <cbc:DocumentCurrencyCode>EUR</cbc:DocumentCurrencyCode>
  <cbc:AccountingCost>3001</cbc:AccountingCost>
  <cbc:BuyerReference>test</cbc:BuyerReference>
  <cac:AccountingSupplierParty>
    <cac:Party>
      <cbc:EndpointID schemeID="0088">9482348239847239874</cbc:EndpointID>
      <cac:PartyIdentification>
        <cbc:ID schemeID="0184">FI12525259</cbc:ID>
      </cac:PartyIdentification>
      <cac:PartyName>
        <cbc:Name>Matti Milkproducer</cbc:Name>
      </cac:PartyName>
      <cac:PostalAddress>
        <cbc:StreetName>Marttilantie 2178 A</cbc:StreetName>
        <cbc:CityName>Martinmäki</cbc:CityName>
        <cbc:PostalZone>98700</cbc:PostalZone>
        <cac:Country>
          <cbc:IdentificationCode>FI</cbc:IdentificationCode>
        </cac:Country>
      </cac:PostalAddress>
      <cac:PartyTaxScheme>
        <cbc:CompanyID>FI12525259</cbc:CompanyID>
        <cac:TaxScheme>
          <cbc:ID>VAT</cbc:ID>
        </cac:TaxScheme>
      </cac:PartyTaxScheme>
      <cac:PartyLegalEntity>
        <cbc:RegistrationName>Matti Milkproducer</cbc:RegistrationName>
        <cbc:CompanyID schemeID="0184">1252525-9</cbc:CompanyID>
      </cac:PartyLegalEntity>
    </cac:Party>
  </cac:AccountingSupplierParty>
  <cac:AccountingCustomerParty>
    <cac:Party>
      <cbc:EndpointID schemeID="0088">5798000024069</cbc:EndpointID>
      <cac:PartyName>
        <cbc:Name>Slaughterhouse  Oy</cbc:Name>
      </cac:PartyName>
      <cac:PostalAddress>
        <cbc:StreetName>Makkarakatu 2</cbc:StreetName>
        <cbc:CityName>Hanko</cbc:CityName>
        <cbc:PostalZone>56020</cbc:PostalZone>
        <cac:Country>
          <cbc:IdentificationCode>FI</cbc:IdentificationCode>
        </cac:Country>
      </cac:PostalAddress>
      <cac:PartyTaxScheme>
        <cbc:CompanyID>FI03078073</cbc:CompanyID>
        <cac:TaxScheme>
          <cbc:ID>VAT</cbc:ID>
        </cac:TaxScheme>
      </cac:PartyTaxScheme>
      <cac:PartyLegalEntity>
        <cbc:RegistrationName>Slaughterhouse  Oy</cbc:RegistrationName>
        <cbc:CompanyID schemeID="0184">0308707-3</cbc:CompanyID>
      </cac:PartyLegalEntity>
    </cac:Party>
  </cac:AccountingCustomerParty>
  <cac:PaymentMeans>
    <cbc:PaymentMeansCode name="Credit transfer">1</cbc:PaymentMeansCode>
    <cbc:PaymentID>171344</cbc:PaymentID>
    <cac:PayeeFinancialAccount>
      <cbc:ID>FI0351720220054093</cbc:ID>
      <cac:FinancialInstitutionBranch>
        <cbc:ID>OKOYFIHH</cbc:ID>
      </cac:FinancialInstitutionBranch>
    </cac:PayeeFinancialAccount>
  </cac:PaymentMeans>
  <cac:TaxTotal>
    <cbc:TaxAmount currencyID="EUR">137.83</cbc:TaxAmount>
    <cac:TaxSubtotal>
      <cbc:TaxableAmount currencyID="EUR">574.31</cbc:TaxableAmount>
      <cbc:TaxAmount currencyID="EUR">137.83</cbc:TaxAmount>
      <cac:TaxCategory>
        <cbc:ID schemeID="UN/ECE 5305" schemeAgencyID="6">S</cbc:ID>
        <cbc:Percent>24</cbc:Percent>
        <cac:TaxScheme>
          <cbc:ID>VAT</cbc:ID>
        </cac:TaxScheme>
      </cac:TaxCategory>
    </cac:TaxSubtotal>
  </cac:TaxTotal>
  <cac:LegalMonetaryTotal>
    <cbc:LineExtensionAmount currencyID="EUR">574.31</cbc:LineExtensionAmount>
    <cbc:TaxExclusiveAmount currencyID="EUR">574.31</cbc:TaxExclusiveAmount>
    <cbc:TaxInclusiveAmount currencyID="EUR">712.14</cbc:TaxInclusiveAmount>
    <cbc:PayableAmount currencyID="EUR">712.14</cbc:PayableAmount>
  </cac:LegalMonetaryTotal>
  <cac:InvoiceLine>
    <cbc:ID>1</cbc:ID>
    <cbc:InvoicedQuantity unitCode="MON">253</cbc:InvoicedQuantity>
    <cbc:LineExtensionAmount currencyID="EUR">574.31</cbc:LineExtensionAmount>
    <cac:Item>
      <cbc:Name>Cow</cbc:Name>
      <cac:BuyersItemIdentification>
        <cbc:ID>10101516</cbc:ID>
      </cac:BuyersItemIdentification>
      <cac:OriginCountry>
        <cbc:IdentificationCode>FI</cbc:IdentificationCode>
      </cac:OriginCountry>
      <cac:ClassifiedTaxCategory>
        <cbc:ID>S</cbc:ID>
        <cbc:Percent>24</cbc:Percent>
        <cac:TaxScheme>
          <cbc:ID>VAT</cbc:ID>
        </cac:TaxScheme>
      </cac:ClassifiedTaxCategory>
    </cac:Item>
    <cac:Price>
      <cbc:PriceAmount currencyID="EUR">2.27</cbc:PriceAmount>
      <cbc:BaseQuantity>1</cbc:BaseQuantity>
    </cac:Price>
  </cac:InvoiceLine>
</Invoice>